order_id,customer_id,category,order_amount,order_date,returned,discount_pct
1,1017,sports,156.66,2024-01-01 00:00:00,1,0
2,1154,electronics,14.33,2024-01-01 02:00:00,0,20
3,1130,clothing,118.02,2024-01-01 04:00:00,0,0
4,1087,books,222.17,2024-01-01 06:00:00,0,10
5,1086,home,12.22,2024-01-01 08:00:00,0,15
6,1171,electronics,141.08,2024-01-01 10:00:00,0,15
7,1017,books,24.23,2024-01-01 12:00:00,0,15
8,1139,electronics,9.79,2024-01-01 14:00:00,0,5
9,1040,home,8.27,2024-01-01 16:00:00,0,20
10,1018,home,41.53,2024-01-01 18:00:00,0,0
11,1105,books,1.17,2024-01-01 20:00:00,0,0
12,1195,clothing,22.51,2024-01-01 22:00:00,0,20
13,1147,electronics,41.76,2024-01-02 00:00:00,0,0
14,1152,sports,46.89,2024-01-02 02:00:00,0,0
15,1143,home,18.53,2024-01-02 04:00:00,1,0
16,1157,clothing,30.6,2024-01-02 06:00:00,0,0
17,1102,books,16.15,2024-01-02 08:00:00,0,0
18,1025,home,22.29,2024-01-02 10:00:00,0,10
19,1167,home,95.82,2024-01-02 12:00:00,0,15
20,1090,books,42.78,2024-01-02 14:00:00,0,0
21,1100,clothing,109.24,2024-01-02 16:00:00,0,20
22,1074,home,22.12,2024-01-02 18:00:00,0,0
23,1036,home,2.18,2024-01-02 20:00:00,0,15
24,1185,books,61.7,2024-01-02 22:00:00,0,20
25,1156,electronics,100.62,2024-01-03 00:00:00,0,10
26,1128,books,8.0,2024-01-03 02:00:00,0,10
27,1080,home,90.53,2024-01-03 04:00:00,0,0
28,1164,sports,9.81,2024-01-03 06:00:00,0,5
29,1109,books,28.72,2024-01-03 08:00:00,0,20
30,1088,clothing,65.24,2024-01-03 10:00:00,0,5
31,1090,books,8.11,2024-01-03 12:00:00,0,0
32,1045,electronics,78.03,2024-01-03 14:00:00,0,15
33,1018,electronics,60.87,2024-01-03 16:00:00,0,15
34,1110,home,85.77,2024-01-03 18:00:00,0,0
35,1177,sports,6.41,2024-01-03 20:00:00,0,0
36,1012,sports,23.28,2024-01-03 22:00:00,0,0
37,1171,books,131.68,2024-01-04 00:00:00,0,0
38,1165,electronics,1.9,2024-01-04 02:00:00,0,15
39,1055,sports,139.31,2024-01-04 04:00:00,0,0
40,1126,books,104.38,2024-01-04 06:00:00,0,15
41,1033,clothing,7.76,2024-01-04 08:00:00,0,0
42,1151,sports,13.4,2024-01-04 10:00:00,0,20
43,1140,home,120.22,2024-01-04 12:00:00,0,15
44,1070,home,52.82,2024-01-04 14:00:00,0,5
45,1013,clothing,43.88,2024-01-04 16:00:00,0,10
46,1194,sports,24.89,2024-01-04 18:00:00,0,0
47,1089,books,45.77,2024-01-04 20:00:00,0,0
48,1178,books,35.5,2024-01-04 22:00:00,0,10
49,1135,home,42.29,2024-01-05 00:00:00,0,0
50,1155,home,142.14,2024-01-05 02:00:00,0,15
51,1151,electronics,2.78,2024-01-05 04:00:00,0,5
52,1038,clothing,174.96,2024-01-05 06:00:00,0,0
53,1072,clothing,27.05,2024-01-05 08:00:00,0,10
54,1093,sports,26.55,2024-01-05 10:00:00,0,10
55,1099,home,90.53,2024-01-05 12:00:00,0,15
56,1008,clothing,157.03,2024-01-05 14:00:00,0,0
57,1109,home,65.38,2024-01-05 16:00:00,0,10
58,1030,home,22.12,2024-01-05 18:00:00,0,20
59,1148,clothing,8.74,2024-01-05 20:00:00,0,5
60,1136,books,43.21,2024-01-05 22:00:00,0,20
61,1184,sports,6.18,2024-01-06 00:00:00,0,15
62,1148,books,152.4,2024-01-06 02:00:00,1,10
63,1073,electronics,27.76,2024-01-06 04:00:00,0,20
64,1193,home,103.4,2024-01-06 06:00:00,0,20
65,1082,books,130.93,2024-01-06 08:00:00,0,5
66,1065,books,68.66,2024-01-06 10:00:00,0,20
67,1181,home,105.86,2024-01-06 12:00:00,0,0
68,1074,sports,66.76,2024-01-06 14:00:00,0,0
69,1015,clothing,34.01,2024-01-06 16:00:00,1,0
70,1093,books,100.78,2024-01-06 18:00:00,0,5
71,1159,electronics,93.42,2024-01-06 20:00:00,0,20
72,1037,home,12.23,2024-01-06 22:00:00,0,15
73,1092,books,113.46,2024-01-07 00:00:00,1,15
74,1025,clothing,35.98,2024-01-07 02:00:00,0,0
75,1137,home,214.59,2024-01-07 04:00:00,0,10
76,1095,books,147.92,2024-01-07 06:00:00,0,5
77,1066,books,57.79,2024-01-07 08:00:00,0,10
78,1045,books,74.9,2024-01-07 10:00:00,0,5
79,1112,clothing,11.33,2024-01-07 12:00:00,0,5
80,1133,electronics,53.95,2024-01-07 14:00:00,0,20
81,1188,sports,46.77,2024-01-07 16:00:00,0,10
82,1087,electronics,36.81,2024-01-07 18:00:00,1,10
83,1032,clothing,49.12,2024-01-07 20:00:00,0,0
84,1166,home,331.69,2024-01-07 22:00:00,1,15
85,1125,electronics,12.04,2024-01-08 00:00:00,0,10
86,1140,home,7.21,2024-01-08 02:00:00,0,5
87,1019,home,48.03,2024-01-08 04:00:00,0,15
88,1062,home,32.06,2024-01-08 06:00:00,0,0
89,1153,clothing,82.96,2024-01-08 08:00:00,0,10
90,1166,electronics,22.46,2024-01-08 10:00:00,0,20
91,1087,sports,155.01,2024-01-08 12:00:00,0,10
92,1160,clothing,131.38,2024-01-08 14:00:00,0,0
93,1168,sports,16.62,2024-01-08 16:00:00,1,5
94,1077,electronics,10.78,2024-01-08 18:00:00,0,0
95,1179,electronics,90.59,2024-01-08 20:00:00,0,10
96,1057,home,2.7,2024-01-08 22:00:00,0,5
97,1047,sports,24.5,2024-01-09 00:00:00,0,0
98,1136,sports,160.72,2024-01-09 02:00:00,0,15
99,1127,home,10.94,2024-01-09 04:00:00,0,0
100,1027,clothing,68.91,2024-01-09 06:00:00,0,5
101,1166,sports,49.86,2024-01-09 08:00:00,0,20
102,1039,home,266.04,2024-01-09 10:00:00,0,0
103,1160,electronics,36.5,2024-01-09 12:00:00,0,5
104,1001,electronics,135.66,2024-01-09 14:00:00,0,5
105,1159,sports,188.74,2024-01-09 16:00:00,0,10
106,1157,clothing,13.07,2024-01-09 18:00:00,0,5
107,1156,home,51.98,2024-01-09 20:00:00,0,20
108,1132,electronics,59.58,2024-01-09 22:00:00,0,0
109,1094,clothing,51.36,2024-01-10 00:00:00,0,20
110,1141,clothing,139.66,2024-01-10 02:00:00,0,10
111,1055,clothing,4.08,2024-01-10 04:00:00,0,0
112,1156,home,21.56,2024-01-10 06:00:00,0,0
113,1111,sports,16.91,2024-01-10 08:00:00,0,0
114,1091,sports,7.03,2024-01-10 10:00:00,0,5
115,1101,home,20.73,2024-01-10 12:00:00,1,5
116,1113,clothing,30.45,2024-01-10 14:00:00,0,15
117,1007,sports,31.36,2024-01-10 16:00:00,0,5
118,1027,books,2.49,2024-01-10 18:00:00,0,15
119,1049,books,58.22,2024-01-10 20:00:00,0,5
120,1022,home,13.84,2024-01-10 22:00:00,0,5
121,1087,home,42.3,2024-01-11 00:00:00,0,5
122,1133,sports,52.24,2024-01-11 02:00:00,0,5
123,1130,books,72.35,2024-01-11 04:00:00,0,20
124,1094,home,38.14,2024-01-11 06:00:00,0,5
125,1171,home,6.9,2024-01-11 08:00:00,0,5
126,1113,clothing,0.95,2024-01-11 10:00:00,0,20
127,1015,clothing,39.9,2024-01-11 12:00:00,0,15
128,1152,home,126.9,2024-01-11 14:00:00,0,0
129,1114,electronics,279.98,2024-01-11 16:00:00,0,20
130,1126,clothing,105.0,2024-01-11 18:00:00,0,0
131,1113,home,35.44,2024-01-11 20:00:00,0,0
132,1110,sports,214.0,2024-01-11 22:00:00,0,10
133,1018,books,191.8,2024-01-12 00:00:00,0,15
134,1111,clothing,116.24,2024-01-12 02:00:00,1,0
135,1158,books,197.36,2024-01-12 04:00:00,0,15
136,1060,home,109.94,2024-01-12 06:00:00,0,0
137,1120,books,59.59,2024-01-12 08:00:00,0,15
138,1006,electronics,123.94,2024-01-12 10:00:00,0,0
139,1069,books,79.56,2024-01-12 12:00:00,0,10
140,1087,books,183.46,2024-01-12 14:00:00,0,15
141,1196,home,19.66,2024-01-12 16:00:00,0,5
142,1042,sports,12.0,2024-01-12 18:00:00,0,15
143,1055,sports,48.75,2024-01-12 20:00:00,0,15
144,1081,home,9.65,2024-01-12 22:00:00,1,15
145,1198,clothing,49.91,2024-01-13 00:00:00,0,5
146,1170,books,90.76,2024-01-13 02:00:00,0,15
147,1006,electronics,152.48,2024-01-13 04:00:00,0,15
148,1046,sports,279.96,2024-01-13 06:00:00,1,5
149,1164,sports,30.33,2024-01-13 08:00:00,0,15
150,1011,sports,38.56,2024-01-13 10:00:00,0,20
151,1171,clothing,35.01,2024-01-13 12:00:00,0,20
152,1056,clothing,3.74,2024-01-13 14:00:00,0,15
153,1183,sports,13.86,2024-01-13 16:00:00,0,15
154,1058,books,8.51,2024-01-13 18:00:00,0,20
155,1086,home,65.87,2024-01-13 20:00:00,0,5
156,1132,books,44.82,2024-01-13 22:00:00,0,15
157,1025,books,224.69,2024-01-14 00:00:00,0,0
158,1111,home,2.27,2024-01-14 02:00:00,1,5
159,1101,sports,25.48,2024-01-14 04:00:00,0,20
160,1156,clothing,40.41,2024-01-14 06:00:00,0,5
161,1199,sports,72.84,2024-01-14 08:00:00,1,20
162,1132,clothing,20.98,2024-01-14 10:00:00,0,10
163,1081,books,29.96,2024-01-14 12:00:00,0,5
164,1081,sports,21.32,2024-01-14 14:00:00,0,0
165,1083,sports,92.07,2024-01-14 16:00:00,0,10
166,1162,sports,21.05,2024-01-14 18:00:00,0,10
167,1064,clothing,99.39,2024-01-14 20:00:00,0,10
168,1033,sports,99.88,2024-01-14 22:00:00,0,0
169,1066,sports,60.82,2024-01-15 00:00:00,0,5
170,1004,sports,29.22,2024-01-15 02:00:00,0,0
171,1021,electronics,9.38,2024-01-15 04:00:00,0,5
172,1018,home,45.26,2024-01-15 06:00:00,0,20
173,1154,sports,89.83,2024-01-15 08:00:00,0,0
174,1144,home,761.45,2024-01-15 10:00:00,1,15
175,1139,clothing,29.85,2024-01-15 12:00:00,0,0
176,1092,home,11.48,2024-01-15 14:00:00,0,10
177,1143,electronics,7.27,2024-01-15 16:00:00,0,20
178,1032,books,177.43,2024-01-15 18:00:00,0,5
179,1180,home,54.92,2024-01-15 20:00:00,0,0
180,1100,books,28.24,2024-01-15 22:00:00,0,10
181,1187,home,46.9,2024-01-16 00:00:00,0,5
182,1030,clothing,32.53,2024-01-16 02:00:00,1,20
183,1099,home,44.3,2024-01-16 04:00:00,1,20
184,1139,home,77.95,2024-01-16 06:00:00,0,15
185,1099,home,20.41,2024-01-16 08:00:00,0,15
186,1089,clothing,107.89,2024-01-16 10:00:00,0,15
187,1033,clothing,126.32,2024-01-16 12:00:00,0,15
188,1076,clothing,11.58,2024-01-16 14:00:00,0,10
189,1047,books,12.61,2024-01-16 16:00:00,0,20
190,1060,books,45.31,2024-01-16 18:00:00,0,5
191,1136,clothing,108.78,2024-01-16 20:00:00,0,0
192,1126,books,35.88,2024-01-16 22:00:00,0,15
193,1121,clothing,411.02,2024-01-17 00:00:00,0,15
194,1072,clothing,131.63,2024-01-17 02:00:00,0,20
195,1191,home,4.32,2024-01-17 04:00:00,0,5
196,1017,sports,70.1,2024-01-17 06:00:00,0,10
197,1068,clothing,106.05,2024-01-17 08:00:00,0,10
198,1023,sports,10.91,2024-01-17 10:00:00,0,5
199,1067,books,151.11,2024-01-17 12:00:00,0,15
200,1192,electronics,19.66,2024-01-17 14:00:00,0,10
201,1073,clothing,18.66,2024-01-17 16:00:00,0,15
202,1181,electronics,75.26,2024-01-17 18:00:00,1,10
203,1099,electronics,5.3,2024-01-17 20:00:00,0,5
204,1139,clothing,83.52,2024-01-17 22:00:00,0,20
205,1091,books,22.42,2024-01-18 00:00:00,0,10
206,1053,home,19.12,2024-01-18 02:00:00,0,15
207,1152,electronics,96.35,2024-01-18 04:00:00,1,10
208,1193,sports,54.71,2024-01-18 06:00:00,0,5
209,1052,clothing,101.42,2024-01-18 08:00:00,0,20
210,1155,electronics,62.7,2024-01-18 10:00:00,0,5
211,1052,home,171.4,2024-01-18 12:00:00,0,20
212,1143,home,127.36,2024-01-18 14:00:00,0,10
213,1157,home,39.3,2024-01-18 16:00:00,0,0
214,1089,electronics,83.68,2024-01-18 18:00:00,0,0
215,1147,electronics,9.8,2024-01-18 20:00:00,0,20
216,1054,clothing,96.38,2024-01-18 22:00:00,0,10
217,1015,books,9.31,2024-01-19 00:00:00,0,5
218,1019,sports,1.46,2024-01-19 02:00:00,1,20
219,1089,clothing,41.22,2024-01-19 04:00:00,1,15
220,1180,electronics,34.84,2024-01-19 06:00:00,0,15
221,1025,sports,90.91,2024-01-19 08:00:00,0,15
222,1091,electronics,6.82,2024-01-19 10:00:00,0,0
223,1140,electronics,183.31,2024-01-19 12:00:00,0,0
224,1040,books,146.66,2024-01-19 14:00:00,0,15
225,1144,books,221.8,2024-01-19 16:00:00,0,0
226,1061,home,8.0,2024-01-19 18:00:00,0,15
227,1161,sports,34.33,2024-01-19 20:00:00,0,0
228,1115,sports,15.01,2024-01-19 22:00:00,0,5
229,1109,clothing,19.63,2024-01-20 00:00:00,0,15
230,1035,sports,46.64,2024-01-20 02:00:00,0,15
231,1092,home,24.52,2024-01-20 04:00:00,1,15
232,1171,electronics,19.97,2024-01-20 06:00:00,0,15
233,1003,sports,35.57,2024-01-20 08:00:00,0,0
234,1151,electronics,61.07,2024-01-20 10:00:00,0,20
235,1098,books,14.8,2024-01-20 12:00:00,0,5
236,1143,home,32.44,2024-01-20 14:00:00,0,0
237,1132,clothing,50.32,2024-01-20 16:00:00,0,20
238,1086,clothing,165.29,2024-01-20 18:00:00,0,0
239,1061,books,61.42,2024-01-20 20:00:00,0,10
240,1125,sports,221.31,2024-01-20 22:00:00,0,10
241,1028,clothing,239.18,2024-01-21 00:00:00,1,15
242,1116,home,17.31,2024-01-21 02:00:00,0,0
243,1018,books,7.76,2024-01-21 04:00:00,0,0
244,1129,electronics,235.82,2024-01-21 06:00:00,0,10
245,1125,home,193.95,2024-01-21 08:00:00,0,10
246,1016,sports,331.88,2024-01-21 10:00:00,0,15
247,1151,books,114.22,2024-01-21 12:00:00,0,15
248,1083,electronics,8.51,2024-01-21 14:00:00,0,0
249,1157,electronics,75.75,2024-01-21 16:00:00,0,20
250,1008,books,60.23,2024-01-21 18:00:00,1,10
251,1035,books,139.93,2024-01-21 20:00:00,0,20
252,1098,books,17.24,2024-01-21 22:00:00,0,20
253,1037,clothing,15.23,2024-01-22 00:00:00,1,0
254,1065,books,68.0,2024-01-22 02:00:00,0,10
255,1132,clothing,10.48,2024-01-22 04:00:00,0,10
256,1028,home,11.42,2024-01-22 06:00:00,0,10
257,1135,home,185.19,2024-01-22 08:00:00,0,5
258,1020,home,218.72,2024-01-22 10:00:00,0,10
259,1035,electronics,165.27,2024-01-22 12:00:00,1,10
260,1117,sports,104.72,2024-01-22 14:00:00,0,0
261,1158,electronics,31.47,2024-01-22 16:00:00,0,5
262,1034,sports,32.26,2024-01-22 18:00:00,1,0
263,1059,electronics,149.81,2024-01-22 20:00:00,1,20
264,1185,books,280.06,2024-01-22 22:00:00,1,15
265,1197,electronics,0.4,2024-01-23 00:00:00,0,5
266,1116,electronics,386.98,2024-01-23 02:00:00,0,5
267,1089,home,16.99,2024-01-23 04:00:00,0,0
268,1069,home,141.18,2024-01-23 06:00:00,0,5
269,1122,electronics,19.28,2024-01-23 08:00:00,0,20
270,1118,sports,36.25,2024-01-23 10:00:00,0,0
271,1058,clothing,82.51,2024-01-23 12:00:00,0,0
272,1004,clothing,22.26,2024-01-23 14:00:00,0,20
273,1030,clothing,194.6,2024-01-23 16:00:00,0,10
274,1191,books,12.35,2024-01-23 18:00:00,0,0
275,1083,electronics,5.57,2024-01-23 20:00:00,0,10
276,1096,books,256.35,2024-01-23 22:00:00,0,15
277,1093,clothing,131.97,2024-01-24 00:00:00,0,5
278,1156,electronics,37.7,2024-01-24 02:00:00,1,5
279,1012,clothing,51.22,2024-01-24 04:00:00,0,15
280,1016,home,87.18,2024-01-24 06:00:00,1,10
281,1055,home,128.75,2024-01-24 08:00:00,0,20
282,1097,clothing,37.96,2024-01-24 10:00:00,0,5
283,1134,clothing,81.68,2024-01-24 12:00:00,0,5
284,1098,home,25.29,2024-01-24 14:00:00,0,0
285,1088,home,2.7,2024-01-24 16:00:00,0,15
286,1187,sports,144.93,2024-01-24 18:00:00,0,10
287,1032,sports,8.79,2024-01-24 20:00:00,0,5
288,1114,sports,1.66,2024-01-24 22:00:00,0,15
289,1108,sports,174.93,2024-01-25 00:00:00,0,5
290,1094,books,184.51,2024-01-25 02:00:00,0,0
291,1161,clothing,47.7,2024-01-25 04:00:00,0,10
292,1053,clothing,64.93,2024-01-25 06:00:00,0,10
293,1190,clothing,35.69,2024-01-25 08:00:00,0,10
294,1066,home,42.52,2024-01-25 10:00:00,0,10
295,1109,home,22.16,2024-01-25 12:00:00,0,20
296,1104,sports,19.63,2024-01-25 14:00:00,0,5
297,1169,electronics,33.13,2024-01-25 16:00:00,0,5
298,1087,books,143.44,2024-01-25 18:00:00,0,10
299,1056,clothing,256.42,2024-01-25 20:00:00,0,0
300,1004,sports,129.01,2024-01-25 22:00:00,0,0
301,1072,clothing,98.29,2024-01-26 00:00:00,0,10
302,1165,electronics,52.17,2024-01-26 02:00:00,0,10
303,1001,books,27.06,2024-01-26 04:00:00,0,15
304,1179,sports,80.33,2024-01-26 06:00:00,0,0
305,1108,sports,5.4,2024-01-26 08:00:00,0,20
306,1028,electronics,308.95,2024-01-26 10:00:00,1,10
307,1060,clothing,98.73,2024-01-26 12:00:00,0,0
308,1110,electronics,168.36,2024-01-26 14:00:00,0,5
309,1063,clothing,1.05,2024-01-26 16:00:00,0,5
310,1021,books,8.42,2024-01-26 18:00:00,0,10
311,1133,clothing,113.89,2024-01-26 20:00:00,0,10
312,1134,electronics,2.19,2024-01-26 22:00:00,0,10
313,1023,books,61.38,2024-01-27 00:00:00,0,10
314,1056,electronics,20.36,2024-01-27 02:00:00,0,20
315,1048,clothing,30.0,2024-01-27 04:00:00,0,20
316,1131,electronics,99.84,2024-01-27 06:00:00,0,10
317,1146,electronics,21.84,2024-01-27 08:00:00,0,20
318,1145,books,30.24,2024-01-27 10:00:00,0,20
319,1187,sports,77.0,2024-01-27 12:00:00,0,20
320,1153,home,14.0,2024-01-27 14:00:00,0,5
321,1064,electronics,97.58,2024-01-27 16:00:00,0,10
322,1021,electronics,150.79,2024-01-27 18:00:00,0,5
323,1122,clothing,191.35,2024-01-27 20:00:00,0,0
324,1183,home,60.21,2024-01-27 22:00:00,0,0
325,1195,home,20.14,2024-01-28 00:00:00,0,15
326,1046,sports,14.64,2024-01-28 02:00:00,0,10
327,1047,clothing,14.4,2024-01-28 04:00:00,0,20
328,1007,electronics,2.75,2024-01-28 06:00:00,0,15
329,1028,electronics,107.87,2024-01-28 08:00:00,1,0
330,1110,electronics,53.55,2024-01-28 10:00:00,0,20
331,1109,electronics,175.08,2024-01-28 12:00:00,0,10
332,1074,sports,10.21,2024-01-28 14:00:00,0,10
333,1061,clothing,243.61,2024-01-28 16:00:00,0,20
334,1165,sports,45.99,2024-01-28 18:00:00,0,15
335,1092,books,9.38,2024-01-28 20:00:00,0,0
336,1161,books,1.5,2024-01-28 22:00:00,0,0
337,1192,books,17.67,2024-01-29 00:00:00,0,10
338,1063,sports,151.8,2024-01-29 02:00:00,1,0
339,1040,electronics,17.64,2024-01-29 04:00:00,0,0
340,1190,electronics,98.22,2024-01-29 06:00:00,0,15
341,1126,books,6.48,2024-01-29 08:00:00,0,0
342,1058,clothing,46.65,2024-01-29 10:00:00,0,0
343,1124,books,78.5,2024-01-29 12:00:00,0,10
344,1103,home,139.9,2024-01-29 14:00:00,1,0
345,1181,books,86.16,2024-01-29 16:00:00,1,5
346,1051,clothing,3.7,2024-01-29 18:00:00,0,20
347,1198,clothing,120.43,2024-01-29 20:00:00,0,15
348,1187,home,0.43,2024-01-29 22:00:00,0,20
349,1036,clothing,15.88,2024-01-30 00:00:00,0,5
350,1032,books,192.2,2024-01-30 02:00:00,0,15
351,1106,books,100.03,2024-01-30 04:00:00,0,5
352,1008,home,93.64,2024-01-30 06:00:00,0,5
353,1059,home,55.75,2024-01-30 08:00:00,0,0
354,1087,books,96.97,2024-01-30 10:00:00,0,20
355,1193,clothing,16.04,2024-01-30 12:00:00,0,0
356,1198,clothing,61.62,2024-01-30 14:00:00,1,5
357,1030,books,35.52,2024-01-30 16:00:00,0,10
358,1178,clothing,31.58,2024-01-30 18:00:00,0,10
359,1018,home,85.36,2024-01-30 20:00:00,0,5
360,1149,clothing,23.15,2024-01-30 22:00:00,0,5
361,1169,home,76.68,2024-01-31 00:00:00,0,5
362,1178,home,41.9,2024-01-31 02:00:00,0,20
363,1044,sports,395.34,2024-01-31 04:00:00,0,10
364,1178,electronics,21.35,2024-01-31 06:00:00,0,20
365,1023,home,5.85,2024-01-31 08:00:00,0,20
366,1103,electronics,177.28,2024-01-31 10:00:00,0,15
367,1093,clothing,273.17,2024-01-31 12:00:00,1,20
368,1063,electronics,89.98,2024-01-31 14:00:00,0,0
369,1004,electronics,3.71,2024-01-31 16:00:00,0,20
370,1154,electronics,1.47,2024-01-31 18:00:00,0,10
371,1067,electronics,8.65,2024-01-31 20:00:00,0,15
372,1132,sports,169.37,2024-01-31 22:00:00,0,5
373,1082,electronics,281.85,2024-02-01 00:00:00,0,0
374,1074,clothing,12.28,2024-02-01 02:00:00,0,20
375,1177,home,13.99,2024-02-01 04:00:00,0,10
376,1018,sports,17.38,2024-02-01 06:00:00,1,0
377,1147,sports,155.69,2024-02-01 08:00:00,0,15
378,1149,electronics,78.36,2024-02-01 10:00:00,0,0
379,1075,sports,74.28,2024-02-01 12:00:00,0,10
380,1052,home,0.77,2024-02-01 14:00:00,0,15
381,1001,electronics,48.79,2024-02-01 16:00:00,0,15
382,1187,books,53.66,2024-02-01 18:00:00,0,10
383,1189,sports,21.69,2024-02-01 20:00:00,0,5
384,1048,clothing,3.68,2024-02-01 22:00:00,0,20
385,1006,electronics,84.72,2024-02-02 00:00:00,1,0
386,1024,sports,82.12,2024-02-02 02:00:00,0,0
387,1013,sports,28.96,2024-02-02 04:00:00,0,0
388,1166,sports,142.1,2024-02-02 06:00:00,0,20
389,1178,sports,131.31,2024-02-02 08:00:00,0,10
390,1030,sports,105.27,2024-02-02 10:00:00,0,0
391,1149,books,50.73,2024-02-02 12:00:00,0,0
392,1035,electronics,386.76,2024-02-02 14:00:00,0,0
393,1073,home,23.62,2024-02-02 16:00:00,0,20
394,1119,clothing,51.81,2024-02-02 18:00:00,0,10
395,1143,books,156.3,2024-02-02 20:00:00,0,0
396,1174,home,114.37,2024-02-02 22:00:00,0,5
397,1008,sports,55.4,2024-02-03 00:00:00,0,15
398,1039,clothing,74.14,2024-02-03 02:00:00,0,10
399,1056,clothing,133.56,2024-02-03 04:00:00,0,20
400,1062,home,49.62,2024-02-03 06:00:00,1,0
401,1199,electronics,9.9,2024-02-03 08:00:00,0,0
402,1155,books,20.01,2024-02-03 10:00:00,0,0
403,1064,home,63.84,2024-02-03 12:00:00,0,5
404,1194,books,4.25,2024-02-03 14:00:00,0,15
405,1099,clothing,85.95,2024-02-03 16:00:00,0,15
406,1100,sports,6.82,2024-02-03 18:00:00,0,5
407,1086,clothing,33.45,2024-02-03 20:00:00,0,15
408,1028,home,82.74,2024-02-03 22:00:00,0,15
409,1186,books,15.45,2024-02-04 00:00:00,0,0
410,1002,electronics,58.33,2024-02-04 02:00:00,0,15
411,1034,books,446.86,2024-02-04 04:00:00,0,10
412,1045,electronics,5.51,2024-02-04 06:00:00,0,0
413,1055,sports,78.56,2024-02-04 08:00:00,0,5
414,1026,home,86.32,2024-02-04 10:00:00,0,15
415,1003,clothing,88.1,2024-02-04 12:00:00,0,15
416,1135,books,239.08,2024-02-04 14:00:00,0,5
417,1193,home,101.12,2024-02-04 16:00:00,0,15
418,1024,clothing,265.72,2024-02-04 18:00:00,0,5
419,1059,clothing,56.09,2024-02-04 20:00:00,0,10
420,1101,books,58.35,2024-02-04 22:00:00,0,0
421,1185,clothing,292.87,2024-02-05 00:00:00,0,20
422,1138,home,75.6,2024-02-05 02:00:00,0,20
423,1153,electronics,27.06,2024-02-05 04:00:00,0,0
424,1116,sports,118.41,2024-02-05 06:00:00,0,10
425,1083,clothing,81.74,2024-02-05 08:00:00,0,15
426,1039,books,104.9,2024-02-05 10:00:00,0,10
427,1172,electronics,75.38,2024-02-05 12:00:00,1,5
428,1160,clothing,151.08,2024-02-05 14:00:00,0,20
429,1005,home,39.51,2024-02-05 16:00:00,0,5
430,1143,clothing,15.6,2024-02-05 18:00:00,0,5
431,1016,electronics,20.4,2024-02-05 20:00:00,0,5
432,1147,books,102.91,2024-02-05 22:00:00,0,20
433,1165,electronics,80.57,2024-02-06 00:00:00,0,10
434,1026,clothing,249.01,2024-02-06 02:00:00,0,15
435,1086,books,61.5,2024-02-06 04:00:00,0,20
436,1024,books,26.13,2024-02-06 06:00:00,0,20
437,1113,home,346.63,2024-02-06 08:00:00,0,20
438,1185,home,210.09,2024-02-06 10:00:00,0,20
439,1016,sports,139.97,2024-02-06 12:00:00,0,20
440,1079,electronics,187.84,2024-02-06 14:00:00,0,20
441,1194,clothing,43.09,2024-02-06 16:00:00,0,15
442,1060,electronics,24.5,2024-02-06 18:00:00,0,0
443,1026,electronics,33.25,2024-02-06 20:00:00,0,0
444,1097,clothing,181.94,2024-02-06 22:00:00,0,15
445,1101,books,123.45,2024-02-07 00:00:00,0,5
446,1132,sports,5.14,2024-02-07 02:00:00,0,20
447,1062,home,95.09,2024-02-07 04:00:00,0,20
448,1191,home,28.32,2024-02-07 06:00:00,0,15
449,1104,home,272.73,2024-02-07 08:00:00,0,15
450,1057,electronics,128.11,2024-02-07 10:00:00,0,5
451,1192,sports,91.88,2024-02-07 12:00:00,0,10
452,1184,sports,64.46,2024-02-07 14:00:00,0,20
453,1099,electronics,17.4,2024-02-07 16:00:00,0,20
454,1004,books,101.65,2024-02-07 18:00:00,0,5
455,1119,sports,63.45,2024-02-07 20:00:00,0,20
456,1111,books,149.57,2024-02-07 22:00:00,0,10
457,1029,sports,34.13,2024-02-08 00:00:00,0,20
458,1126,sports,91.51,2024-02-08 02:00:00,0,10
459,1168,books,8.96,2024-02-08 04:00:00,0,15
460,1021,electronics,19.4,2024-02-08 06:00:00,0,0
461,1144,clothing,18.65,2024-02-08 08:00:00,0,5
462,1028,clothing,36.4,2024-02-08 10:00:00,0,15
463,1149,books,167.89,2024-02-08 12:00:00,0,20
464,1083,books,52.36,2024-02-08 14:00:00,0,0
465,1001,books,62.36,2024-02-08 16:00:00,0,0
466,1193,electronics,6.94,2024-02-08 18:00:00,0,15
467,1033,clothing,50.14,2024-02-08 20:00:00,1,10
468,1119,home,54.98,2024-02-08 22:00:00,1,20
469,1036,electronics,34.38,2024-02-09 00:00:00,0,0
470,1186,clothing,88.43,2024-02-09 02:00:00,0,5
471,1147,sports,56.87,2024-02-09 04:00:00,0,0
472,1160,electronics,14.81,2024-02-09 06:00:00,0,15
473,1086,books,75.38,2024-02-09 08:00:00,0,20
474,1093,clothing,57.94,2024-02-09 10:00:00,0,0
475,1126,electronics,34.34,2024-02-09 12:00:00,0,5
476,1156,books,2.23,2024-02-09 14:00:00,0,20
477,1169,books,43.97,2024-02-09 16:00:00,1,0
478,1003,electronics,199.62,2024-02-09 18:00:00,0,20
479,1132,electronics,149.07,2024-02-09 20:00:00,1,20
480,1021,electronics,71.06,2024-02-09 22:00:00,0,0
481,1057,home,17.36,2024-02-10 00:00:00,0,0
482,1165,sports,121.44,2024-02-10 02:00:00,0,15
483,1050,electronics,139.32,2024-02-10 04:00:00,0,0
484,1159,clothing,3.91,2024-02-10 06:00:00,0,10
485,1092,clothing,211.65,2024-02-10 08:00:00,1,0
486,1046,clothing,223.99,2024-02-10 10:00:00,0,10
487,1066,clothing,20.42,2024-02-10 12:00:00,0,5
488,1106,electronics,35.94,2024-02-10 14:00:00,0,15
489,1153,books,5.76,2024-02-10 16:00:00,0,20
490,1121,clothing,132.37,2024-02-10 18:00:00,0,10
491,1186,clothing,59.9,2024-02-10 20:00:00,0,15
492,1173,clothing,101.22,2024-02-10 22:00:00,0,15
493,1150,sports,87.12,2024-02-11 00:00:00,0,20
494,1120,home,110.93,2024-02-11 02:00:00,1,5
495,1057,books,50.4,2024-02-11 04:00:00,0,5
496,1082,clothing,23.76,2024-02-11 06:00:00,0,5
497,1023,sports,47.56,2024-02-11 08:00:00,0,15
498,1074,sports,14.06,2024-02-11 10:00:00,0,20
499,1185,electronics,338.29,2024-02-11 12:00:00,0,5
500,1085,sports,44.63,2024-02-11 14:00:00,0,0
501,1022,home,26.37,2024-02-11 16:00:00,0,15
502,1130,electronics,36.03,2024-02-11 18:00:00,0,10
503,1192,home,38.26,2024-02-11 20:00:00,0,5
504,1173,electronics,56.59,2024-02-11 22:00:00,1,0
505,1054,electronics,56.89,2024-02-12 00:00:00,0,20
506,1090,electronics,28.6,2024-02-12 02:00:00,1,20
507,1106,books,57.78,2024-02-12 04:00:00,0,15
508,1049,home,326.95,2024-02-12 06:00:00,0,10
509,1053,books,10.44,2024-02-12 08:00:00,0,5
510,1047,electronics,17.08,2024-02-12 10:00:00,0,10
511,1198,electronics,287.49,2024-02-12 12:00:00,0,0
512,1149,sports,138.0,2024-02-12 14:00:00,0,5
513,1168,sports,272.02,2024-02-12 16:00:00,0,10
514,1163,home,99.69,2024-02-12 18:00:00,0,10
515,1191,electronics,167.04,2024-02-12 20:00:00,0,0
516,1021,sports,7.23,2024-02-12 22:00:00,0,20
517,1176,home,159.52,2024-02-13 00:00:00,0,5
518,1013,books,66.5,2024-02-13 02:00:00,0,10
519,1095,electronics,173.64,2024-02-13 04:00:00,0,10
520,1118,sports,75.64,2024-02-13 06:00:00,0,10
521,1071,books,0.66,2024-02-13 08:00:00,0,20
522,1029,electronics,30.79,2024-02-13 10:00:00,0,15
523,1038,clothing,18.54,2024-02-13 12:00:00,0,20
524,1164,books,110.61,2024-02-13 14:00:00,0,5
525,1063,electronics,88.46,2024-02-13 16:00:00,0,5
526,1062,clothing,29.29,2024-02-13 18:00:00,0,10
527,1184,books,43.25,2024-02-13 20:00:00,0,10
528,1028,sports,19.97,2024-02-13 22:00:00,0,5
529,1183,electronics,18.14,2024-02-14 00:00:00,0,10
530,1184,books,8.71,2024-02-14 02:00:00,0,0
531,1119,sports,59.85,2024-02-14 04:00:00,0,10
532,1033,sports,25.35,2024-02-14 06:00:00,0,15
533,1031,sports,49.11,2024-02-14 08:00:00,0,10
534,1056,electronics,68.44,2024-02-14 10:00:00,0,20
535,1115,sports,71.38,2024-02-14 12:00:00,0,20
536,1030,sports,19.22,2024-02-14 14:00:00,0,20
537,1091,clothing,28.92,2024-02-14 16:00:00,0,0
538,1023,books,1.14,2024-02-14 18:00:00,0,20
539,1108,books,43.06,2024-02-14 20:00:00,0,5
540,1004,books,111.2,2024-02-14 22:00:00,0,10
541,1141,clothing,2.97,2024-02-15 00:00:00,0,10
542,1011,sports,145.56,2024-02-15 02:00:00,0,5
543,1038,sports,181.9,2024-02-15 04:00:00,0,20
544,1034,clothing,66.97,2024-02-15 06:00:00,0,15
545,1166,sports,145.89,2024-02-15 08:00:00,0,20
546,1010,clothing,49.51,2024-02-15 10:00:00,0,20
547,1085,home,26.35,2024-02-15 12:00:00,0,10
548,1118,books,5.07,2024-02-15 14:00:00,0,15
549,1103,books,4.07,2024-02-15 16:00:00,0,10
550,1136,electronics,146.74,2024-02-15 18:00:00,0,10
551,1160,home,221.21,2024-02-15 20:00:00,0,15
552,1078,clothing,63.32,2024-02-15 22:00:00,0,15
553,1165,clothing,178.52,2024-02-16 00:00:00,0,20
554,1063,electronics,82.05,2024-02-16 02:00:00,0,15
555,1196,sports,134.27,2024-02-16 04:00:00,0,15
556,1100,electronics,75.6,2024-02-16 06:00:00,0,20
557,1147,home,72.21,2024-02-16 08:00:00,0,0
558,1175,sports,34.11,2024-02-16 10:00:00,0,15
559,1158,electronics,75.3,2024-02-16 12:00:00,0,5
560,1170,books,24.05,2024-02-16 14:00:00,0,10
561,1107,books,4.59,2024-02-16 16:00:00,0,15
562,1008,clothing,61.4,2024-02-16 18:00:00,1,5
563,1098,home,7.89,2024-02-16 20:00:00,0,20
564,1036,books,45.47,2024-02-16 22:00:00,0,10
565,1177,books,1.77,2024-02-17 00:00:00,0,5
566,1047,books,76.33,2024-02-17 02:00:00,0,5
567,1045,sports,30.28,2024-02-17 04:00:00,0,10
568,1049,home,10.61,2024-02-17 06:00:00,1,20
569,1128,clothing,42.8,2024-02-17 08:00:00,0,0
570,1114,sports,40.28,2024-02-17 10:00:00,1,10
571,1189,sports,117.99,2024-02-17 12:00:00,0,20
572,1083,sports,201.76,2024-02-17 14:00:00,0,10
573,1056,home,112.69,2024-02-17 16:00:00,0,10
574,1009,clothing,10.2,2024-02-17 18:00:00,0,5
575,1001,home,21.44,2024-02-17 20:00:00,0,0
576,1074,clothing,507.15,2024-02-17 22:00:00,0,15
577,1185,clothing,41.76,2024-02-18 00:00:00,0,20
578,1104,books,40.73,2024-02-18 02:00:00,0,10
579,1178,sports,134.65,2024-02-18 04:00:00,0,10
580,1020,books,129.91,2024-02-18 06:00:00,0,0
581,1018,clothing,11.21,2024-02-18 08:00:00,0,20
582,1166,books,72.15,2024-02-18 10:00:00,0,20
583,1021,clothing,9.96,2024-02-18 12:00:00,0,20
584,1010,home,145.41,2024-02-18 14:00:00,0,5
585,1080,clothing,6.28,2024-02-18 16:00:00,0,15
586,1184,books,61.39,2024-02-18 18:00:00,0,10
587,1137,clothing,166.38,2024-02-18 20:00:00,0,5
588,1019,clothing,46.62,2024-02-18 22:00:00,0,5
589,1167,sports,99.43,2024-02-19 00:00:00,0,5
590,1168,clothing,70.96,2024-02-19 02:00:00,0,10
591,1160,electronics,160.01,2024-02-19 04:00:00,0,0
592,1180,clothing,244.76,2024-02-19 06:00:00,0,15
593,1047,books,101.12,2024-02-19 08:00:00,0,10
594,1195,electronics,207.27,2024-02-19 10:00:00,0,20
595,1064,clothing,34.63,2024-02-19 12:00:00,0,5
596,1160,electronics,63.12,2024-02-19 14:00:00,0,0
597,1115,books,47.77,2024-02-19 16:00:00,0,5
598,1155,home,213.94,2024-02-19 18:00:00,0,20
599,1125,sports,136.05,2024-02-19 20:00:00,1,5
600,1128,clothing,29.99,2024-02-19 22:00:00,0,15
601,1123,sports,37.52,2024-02-20 00:00:00,0,20
602,1155,clothing,252.31,2024-02-20 02:00:00,0,5
603,1147,home,22.06,2024-02-20 04:00:00,0,15
604,1026,books,40.76,2024-02-20 06:00:00,0,5
605,1165,home,36.51,2024-02-20 08:00:00,1,5
606,1107,home,2.16,2024-02-20 10:00:00,0,5
607,1064,books,71.4,2024-02-20 12:00:00,0,15
608,1102,clothing,43.08,2024-02-20 14:00:00,1,20
609,1193,books,10.56,2024-02-20 16:00:00,0,5
610,1171,sports,1.4,2024-02-20 18:00:00,0,5
611,1166,sports,44.11,2024-02-20 20:00:00,0,20
612,1092,sports,137.45,2024-02-20 22:00:00,0,10
613,1156,electronics,123.47,2024-02-21 00:00:00,0,10
614,1077,books,21.75,2024-02-21 02:00:00,0,15
615,1137,electronics,28.89,2024-02-21 04:00:00,0,0
616,1127,home,53.16,2024-02-21 06:00:00,0,20
617,1049,sports,7.65,2024-02-21 08:00:00,0,5
618,1053,electronics,81.66,2024-02-21 10:00:00,0,15
619,1012,home,23.82,2024-02-21 12:00:00,0,10
620,1027,sports,170.35,2024-02-21 14:00:00,0,15
621,1086,sports,83.53,2024-02-21 16:00:00,0,15
622,1095,clothing,29.91,2024-02-21 18:00:00,0,0
623,1033,electronics,132.57,2024-02-21 20:00:00,0,0
624,1083,sports,182.93,2024-02-21 22:00:00,0,20
625,1120,sports,62.75,2024-02-22 00:00:00,0,10
626,1046,books,25.7,2024-02-22 02:00:00,0,5
627,1067,sports,265.62,2024-02-22 04:00:00,0,0
628,1073,electronics,161.78,2024-02-22 06:00:00,0,0
629,1101,home,195.17,2024-02-22 08:00:00,0,20
630,1073,electronics,89.39,2024-02-22 10:00:00,0,20
631,1147,sports,83.56,2024-02-22 12:00:00,0,5
632,1065,home,95.25,2024-02-22 14:00:00,0,5
633,1086,sports,14.42,2024-02-22 16:00:00,0,10
634,1075,books,75.0,2024-02-22 18:00:00,0,0
635,1036,electronics,15.25,2024-02-22 20:00:00,0,10
636,1137,electronics,23.8,2024-02-22 22:00:00,0,15
637,1047,clothing,31.63,2024-02-23 00:00:00,0,20
638,1059,home,115.77,2024-02-23 02:00:00,0,5
639,1158,electronics,57.55,2024-02-23 04:00:00,0,0
640,1189,sports,57.47,2024-02-23 06:00:00,0,0
641,1134,clothing,86.15,2024-02-23 08:00:00,0,5
642,1183,books,57.09,2024-02-23 10:00:00,0,15
643,1170,clothing,100.83,2024-02-23 12:00:00,0,0
644,1096,books,6.17,2024-02-23 14:00:00,0,15
645,1154,books,40.73,2024-02-23 16:00:00,0,10
646,1065,electronics,59.67,2024-02-23 18:00:00,0,15
647,1092,books,9.34,2024-02-23 20:00:00,0,10
648,1107,home,49.16,2024-02-23 22:00:00,0,0
649,1192,sports,50.14,2024-02-24 00:00:00,0,0
650,1169,clothing,98.34,2024-02-24 02:00:00,0,10
651,1097,sports,31.51,2024-02-24 04:00:00,1,10
652,1130,sports,87.79,2024-02-24 06:00:00,0,20
653,1040,sports,109.38,2024-02-24 08:00:00,0,20
654,1160,clothing,94.38,2024-02-24 10:00:00,0,0
655,1110,sports,25.62,2024-02-24 12:00:00,0,5
656,1106,books,104.48,2024-02-24 14:00:00,0,5
657,1153,electronics,96.11,2024-02-24 16:00:00,0,0
658,1126,clothing,31.2,2024-02-24 18:00:00,0,0
659,1014,home,21.29,2024-02-24 20:00:00,0,0
660,1057,electronics,29.94,2024-02-24 22:00:00,0,10
661,1035,books,13.86,2024-02-25 00:00:00,0,0
662,1146,home,65.66,2024-02-25 02:00:00,0,0
663,1007,electronics,59.34,2024-02-25 04:00:00,0,0
664,1040,books,47.57,2024-02-25 06:00:00,1,15
665,1119,clothing,28.04,2024-02-25 08:00:00,0,15
666,1138,books,8.7,2024-02-25 10:00:00,0,20
667,1100,clothing,183.08,2024-02-25 12:00:00,0,0
668,1172,sports,68.31,2024-02-25 14:00:00,0,5
669,1183,electronics,121.47,2024-02-25 16:00:00,0,10
670,1026,sports,143.08,2024-02-25 18:00:00,0,15
671,1190,home,122.24,2024-02-25 20:00:00,1,0
672,1122,sports,44.48,2024-02-25 22:00:00,1,5
673,1127,sports,79.91,2024-02-26 00:00:00,0,10
674,1019,electronics,3.65,2024-02-26 02:00:00,0,0
675,1124,sports,136.38,2024-02-26 04:00:00,0,5
676,1145,books,190.35,2024-02-26 06:00:00,0,15
677,1116,sports,219.0,2024-02-26 08:00:00,0,10
678,1016,sports,22.24,2024-02-26 10:00:00,0,10
679,1104,books,19.93,2024-02-26 12:00:00,0,10
680,1187,clothing,54.75,2024-02-26 14:00:00,0,20
681,1144,electronics,81.88,2024-02-26 16:00:00,0,10
682,1027,electronics,73.58,2024-02-26 18:00:00,0,10
683,1191,clothing,159.88,2024-02-26 20:00:00,0,20
684,1191,sports,60.46,2024-02-26 22:00:00,0,0
685,1033,books,58.17,2024-02-27 00:00:00,1,0
686,1160,books,62.1,2024-02-27 02:00:00,0,10
687,1081,clothing,45.36,2024-02-27 04:00:00,0,5
688,1118,books,43.97,2024-02-27 06:00:00,0,5
689,1089,home,30.92,2024-02-27 08:00:00,0,0
690,1156,sports,12.15,2024-02-27 10:00:00,0,20
691,1199,home,24.54,2024-02-27 12:00:00,0,15
692,1159,home,12.05,2024-02-27 14:00:00,0,15
693,1186,sports,53.5,2024-02-27 16:00:00,0,0
694,1189,books,292.6,2024-02-27 18:00:00,0,5
695,1018,sports,70.53,2024-02-27 20:00:00,0,15
696,1050,clothing,62.96,2024-02-27 22:00:00,0,10
697,1144,electronics,65.5,2024-02-28 00:00:00,0,15
698,1118,books,19.88,2024-02-28 02:00:00,0,15
699,1010,electronics,53.21,2024-02-28 04:00:00,1,10
700,1019,electronics,18.31,2024-02-28 06:00:00,0,15
701,1104,sports,87.55,2024-02-28 08:00:00,1,5
702,1123,home,148.07,2024-02-28 10:00:00,1,0
703,1033,clothing,19.81,2024-02-28 12:00:00,0,20
704,1034,sports,218.48,2024-02-28 14:00:00,0,0
705,1025,electronics,177.64,2024-02-28 16:00:00,0,5
706,1112,clothing,0.14,2024-02-28 18:00:00,0,0
707,1001,home,35.87,2024-02-28 20:00:00,0,5
708,1114,clothing,17.17,2024-02-28 22:00:00,0,5
709,1095,home,13.61,2024-02-29 00:00:00,0,0
710,1093,sports,140.99,2024-02-29 02:00:00,0,10
711,1135,electronics,100.57,2024-02-29 04:00:00,0,20
712,1104,electronics,52.99,2024-02-29 06:00:00,0,0
713,1145,sports,130.43,2024-02-29 08:00:00,0,20
714,1152,books,115.97,2024-02-29 10:00:00,0,10
715,1184,books,7.6,2024-02-29 12:00:00,0,10
716,1159,books,6.68,2024-02-29 14:00:00,0,10
717,1103,books,113.68,2024-02-29 16:00:00,0,5
718,1098,home,8.17,2024-02-29 18:00:00,1,0
719,1047,books,151.0,2024-02-29 20:00:00,0,10
720,1119,electronics,82.83,2024-02-29 22:00:00,0,20
721,1027,home,102.26,2024-03-01 00:00:00,0,10
722,1186,home,42.65,2024-03-01 02:00:00,0,10
723,1169,electronics,24.94,2024-03-01 04:00:00,0,15
724,1023,clothing,32.64,2024-03-01 06:00:00,0,5
725,1157,home,10.08,2024-03-01 08:00:00,0,0
726,1023,home,34.13,2024-03-01 10:00:00,0,10
727,1144,electronics,93.88,2024-03-01 12:00:00,0,20
728,1017,electronics,165.33,2024-03-01 14:00:00,0,5
729,1097,books,5.09,2024-03-01 16:00:00,1,20
730,1131,books,158.02,2024-03-01 18:00:00,0,20
731,1145,sports,244.07,2024-03-01 20:00:00,0,5
732,1083,books,210.39,2024-03-01 22:00:00,0,10
733,1184,sports,63.24,2024-03-02 00:00:00,0,15
734,1154,clothing,157.51,2024-03-02 02:00:00,0,10
735,1041,books,114.79,2024-03-02 04:00:00,0,15
736,1134,electronics,60.8,2024-03-02 06:00:00,0,20
737,1146,books,66.7,2024-03-02 08:00:00,0,15
738,1066,electronics,14.15,2024-03-02 10:00:00,0,20
739,1147,books,138.5,2024-03-02 12:00:00,0,20
740,1179,clothing,6.37,2024-03-02 14:00:00,0,20
741,1163,electronics,92.11,2024-03-02 16:00:00,0,20
742,1152,electronics,309.8,2024-03-02 18:00:00,1,5
743,1126,books,114.1,2024-03-02 20:00:00,0,0
744,1054,sports,64.64,2024-03-02 22:00:00,0,0
745,1159,electronics,38.08,2024-03-03 00:00:00,0,5
746,1072,books,151.02,2024-03-03 02:00:00,0,15
747,1106,clothing,7.57,2024-03-03 04:00:00,0,10
748,1062,sports,54.08,2024-03-03 06:00:00,0,10
749,1062,books,119.28,2024-03-03 08:00:00,0,0
750,1031,sports,32.72,2024-03-03 10:00:00,0,15
751,1192,clothing,39.5,2024-03-03 12:00:00,0,5
752,1029,electronics,7.41,2024-03-03 14:00:00,0,15
753,1017,books,12.95,2024-03-03 16:00:00,0,0
754,1187,home,2.37,2024-03-03 18:00:00,0,5
755,1111,sports,34.24,2024-03-03 20:00:00,0,0
756,1087,sports,58.85,2024-03-03 22:00:00,0,5
757,1147,sports,31.82,2024-03-04 00:00:00,0,20
758,1076,home,27.88,2024-03-04 02:00:00,0,10
759,1025,clothing,92.46,2024-03-04 04:00:00,0,10
760,1145,books,221.34,2024-03-04 06:00:00,0,5
761,1035,electronics,60.24,2024-03-04 08:00:00,0,5
762,1110,books,63.02,2024-03-04 10:00:00,0,15
763,1189,clothing,26.64,2024-03-04 12:00:00,1,20
764,1187,electronics,37.39,2024-03-04 14:00:00,1,15
765,1072,clothing,32.96,2024-03-04 16:00:00,0,15
766,1156,books,245.17,2024-03-04 18:00:00,0,10
767,1122,clothing,99.37,2024-03-04 20:00:00,0,0
768,1095,sports,122.81,2024-03-04 22:00:00,0,15
769,1027,books,17.16,2024-03-05 00:00:00,0,20
770,1075,sports,138.34,2024-03-05 02:00:00,0,10
771,1130,home,46.54,2024-03-05 04:00:00,0,0
772,1197,electronics,11.92,2024-03-05 06:00:00,0,15
773,1000,clothing,82.03,2024-03-05 08:00:00,0,20
774,1143,home,12.76,2024-03-05 10:00:00,0,5
775,1169,books,48.32,2024-03-05 12:00:00,0,0
776,1190,clothing,10.55,2024-03-05 14:00:00,0,15
777,1084,books,63.05,2024-03-05 16:00:00,0,5
778,1023,sports,18.08,2024-03-05 18:00:00,0,15
779,1054,clothing,19.28,2024-03-05 20:00:00,0,15
780,1170,electronics,12.98,2024-03-05 22:00:00,0,5
781,1175,clothing,3.38,2024-03-06 00:00:00,0,0
782,1127,sports,10.72,2024-03-06 02:00:00,0,10
783,1024,home,119.22,2024-03-06 04:00:00,0,10
784,1024,sports,37.75,2024-03-06 06:00:00,0,20
785,1095,sports,143.09,2024-03-06 08:00:00,1,5
786,1117,electronics,213.62,2024-03-06 10:00:00,0,5
787,1006,clothing,231.56,2024-03-06 12:00:00,0,20
788,1137,electronics,5.84,2024-03-06 14:00:00,0,15
789,1108,electronics,62.67,2024-03-06 16:00:00,0,15
790,1002,sports,8.55,2024-03-06 18:00:00,0,20
791,1019,sports,169.98,2024-03-06 20:00:00,0,15
792,1090,electronics,121.47,2024-03-06 22:00:00,0,20
793,1144,home,35.9,2024-03-07 00:00:00,0,15
794,1165,books,39.33,2024-03-07 02:00:00,0,10
795,1086,electronics,64.96,2024-03-07 04:00:00,0,0
796,1059,sports,93.76,2024-03-07 06:00:00,0,15
797,1193,sports,148.76,2024-03-07 08:00:00,0,15
798,1091,books,9.27,2024-03-07 10:00:00,0,20
799,1063,home,65.9,2024-03-07 12:00:00,0,15
800,1088,clothing,38.33,2024-03-07 14:00:00,0,10
801,1002,home,25.56,2024-03-07 16:00:00,0,10
802,1060,books,98.41,2024-03-07 18:00:00,0,0
803,1103,sports,41.11,2024-03-07 20:00:00,0,0
804,1183,electronics,113.04,2024-03-07 22:00:00,0,0
805,1147,electronics,140.18,2024-03-08 00:00:00,0,20
806,1156,sports,37.87,2024-03-08 02:00:00,0,15
807,1108,clothing,1.36,2024-03-08 04:00:00,0,5
808,1022,clothing,282.05,2024-03-08 06:00:00,0,10
809,1078,home,97.81,2024-03-08 08:00:00,0,10
810,1199,electronics,181.66,2024-03-08 10:00:00,0,5
811,1008,books,7.59,2024-03-08 12:00:00,0,10
812,1175,clothing,11.15,2024-03-08 14:00:00,0,5
813,1136,electronics,4.93,2024-03-08 16:00:00,0,15
814,1056,sports,19.66,2024-03-08 18:00:00,0,15
815,1155,electronics,0.71,2024-03-08 20:00:00,0,0
816,1167,electronics,167.78,2024-03-08 22:00:00,0,10
817,1008,home,30.22,2024-03-09 00:00:00,0,20
818,1021,sports,127.86,2024-03-09 02:00:00,0,20
819,1133,electronics,142.93,2024-03-09 04:00:00,0,15
820,1199,home,141.78,2024-03-09 06:00:00,0,15
821,1004,books,53.03,2024-03-09 08:00:00,0,0
822,1133,sports,281.66,2024-03-09 10:00:00,0,20
823,1027,electronics,177.28,2024-03-09 12:00:00,0,15
824,1130,sports,255.51,2024-03-09 14:00:00,0,20
825,1124,home,70.84,2024-03-09 16:00:00,0,20
826,1018,sports,163.47,2024-03-09 18:00:00,0,5
827,1136,clothing,49.09,2024-03-09 20:00:00,0,0
828,1179,sports,105.89,2024-03-09 22:00:00,0,15
829,1172,home,96.21,2024-03-10 00:00:00,0,10
830,1005,electronics,5.94,2024-03-10 02:00:00,0,0
831,1049,sports,18.0,2024-03-10 04:00:00,0,5
832,1048,home,123.94,2024-03-10 06:00:00,0,20
833,1090,clothing,2.11,2024-03-10 08:00:00,0,5
834,1028,books,117.18,2024-03-10 10:00:00,0,5
835,1170,clothing,70.58,2024-03-10 12:00:00,0,15
836,1155,books,376.33,2024-03-10 14:00:00,0,15
837,1161,sports,2.75,2024-03-10 16:00:00,0,5
838,1039,sports,57.88,2024-03-10 18:00:00,0,20
839,1002,clothing,254.17,2024-03-10 20:00:00,0,10
840,1182,sports,0.7,2024-03-10 22:00:00,0,0
841,1057,books,85.19,2024-03-11 00:00:00,0,5
842,1131,home,34.59,2024-03-11 02:00:00,0,20
843,1181,home,23.24,2024-03-11 04:00:00,0,0
844,1007,books,108.48,2024-03-11 06:00:00,0,0
845,1001,books,50.09,2024-03-11 08:00:00,0,15
846,1001,books,68.08,2024-03-11 10:00:00,0,10
847,1031,sports,0.02,2024-03-11 12:00:00,0,5
848,1010,clothing,62.58,2024-03-11 14:00:00,0,10
849,1163,clothing,6.39,2024-03-11 16:00:00,0,0
850,1121,clothing,52.63,2024-03-11 18:00:00,0,5
851,1196,electronics,7.17,2024-03-11 20:00:00,0,5
852,1160,clothing,88.05,2024-03-11 22:00:00,0,10
853,1192,electronics,15.14,2024-03-12 00:00:00,0,15
854,1047,electronics,2.17,2024-03-12 02:00:00,0,20
855,1057,home,136.47,2024-03-12 04:00:00,0,0
856,1169,electronics,19.55,2024-03-12 06:00:00,0,5
857,1048,books,0.65,2024-03-12 08:00:00,0,5
858,1011,home,95.66,2024-03-12 10:00:00,0,10
859,1133,home,59.67,2024-03-12 12:00:00,0,10
860,1160,books,75.58,2024-03-12 14:00:00,0,20
861,1193,electronics,164.29,2024-03-12 16:00:00,0,20
862,1185,sports,16.2,2024-03-12 18:00:00,0,15
863,1024,sports,22.65,2024-03-12 20:00:00,0,0
864,1154,home,109.99,2024-03-12 22:00:00,0,0
865,1169,electronics,36.23,2024-03-13 00:00:00,0,20
866,1139,electronics,23.53,2024-03-13 02:00:00,0,20
867,1163,clothing,134.02,2024-03-13 04:00:00,0,5
868,1167,electronics,34.57,2024-03-13 06:00:00,1,0
869,1089,sports,33.33,2024-03-13 08:00:00,0,15
870,1008,clothing,234.15,2024-03-13 10:00:00,0,10
871,1091,clothing,1.34,2024-03-13 12:00:00,0,20
872,1040,sports,240.32,2024-03-13 14:00:00,0,10
873,1022,sports,32.28,2024-03-13 16:00:00,0,15
874,1024,clothing,261.73,2024-03-13 18:00:00,0,15
875,1139,clothing,11.08,2024-03-13 20:00:00,0,0
876,1100,books,68.64,2024-03-13 22:00:00,0,0
877,1107,home,107.35,2024-03-14 00:00:00,0,15
878,1149,sports,111.36,2024-03-14 02:00:00,0,0
879,1109,sports,7.67,2024-03-14 04:00:00,0,5
880,1126,sports,7.26,2024-03-14 06:00:00,0,15
881,1017,electronics,77.37,2024-03-14 08:00:00,0,5
882,1170,clothing,7.66,2024-03-14 10:00:00,0,0
883,1089,books,128.87,2024-03-14 12:00:00,0,0
884,1031,electronics,150.28,2024-03-14 14:00:00,0,10
885,1162,clothing,12.24,2024-03-14 16:00:00,0,15
886,1146,electronics,117.27,2024-03-14 18:00:00,0,15
887,1010,sports,3.99,2024-03-14 20:00:00,0,20
888,1038,electronics,251.16,2024-03-14 22:00:00,0,15
889,1003,electronics,59.0,2024-03-15 00:00:00,0,15
890,1054,electronics,105.36,2024-03-15 02:00:00,0,5
891,1019,electronics,104.26,2024-03-15 04:00:00,0,5
892,1141,books,85.69,2024-03-15 06:00:00,1,5
893,1104,clothing,71.35,2024-03-15 08:00:00,0,0
894,1196,sports,2.28,2024-03-15 10:00:00,0,20
895,1149,clothing,160.78,2024-03-15 12:00:00,1,5
896,1122,books,73.8,2024-03-15 14:00:00,0,10
897,1101,home,22.91,2024-03-15 16:00:00,0,5
898,1010,home,33.83,2024-03-15 18:00:00,1,0
899,1014,home,35.93,2024-03-15 20:00:00,0,20
900,1123,clothing,5.34,2024-03-15 22:00:00,0,5
901,1000,books,16.7,2024-03-16 00:00:00,0,0
902,1008,sports,1.62,2024-03-16 02:00:00,0,5
903,1043,sports,71.6,2024-03-16 04:00:00,0,0
904,1176,home,42.94,2024-03-16 06:00:00,0,20
905,1091,home,255.74,2024-03-16 08:00:00,0,0
906,1141,sports,21.7,2024-03-16 10:00:00,0,5
907,1082,home,68.61,2024-03-16 12:00:00,0,5
908,1034,sports,5.53,2024-03-16 14:00:00,0,0
909,1074,electronics,28.82,2024-03-16 16:00:00,0,0
910,1018,clothing,75.74,2024-03-16 18:00:00,0,10
911,1154,electronics,242.42,2024-03-16 20:00:00,0,5
912,1036,electronics,261.51,2024-03-16 22:00:00,0,0
913,1075,books,3.99,2024-03-17 00:00:00,0,5
914,1196,clothing,77.76,2024-03-17 02:00:00,0,5
915,1118,books,20.22,2024-03-17 04:00:00,0,10
916,1091,books,167.29,2024-03-17 06:00:00,0,20
917,1108,home,107.09,2024-03-17 08:00:00,1,5
918,1156,sports,18.82,2024-03-17 10:00:00,0,15
919,1050,sports,39.38,2024-03-17 12:00:00,0,15
920,1127,clothing,0.63,2024-03-17 14:00:00,0,0
921,1174,clothing,41.59,2024-03-17 16:00:00,0,10
922,1114,home,63.18,2024-03-17 18:00:00,0,10
923,1089,electronics,51.66,2024-03-17 20:00:00,0,10
924,1029,books,103.97,2024-03-17 22:00:00,0,0
925,1049,books,11.81,2024-03-18 00:00:00,0,10
926,1189,electronics,140.76,2024-03-18 02:00:00,0,0
927,1108,home,37.83,2024-03-18 04:00:00,0,20
928,1060,clothing,39.4,2024-03-18 06:00:00,0,10
929,1083,electronics,28.19,2024-03-18 08:00:00,0,0
930,1115,home,120.71,2024-03-18 10:00:00,0,10
931,1107,electronics,41.15,2024-03-18 12:00:00,1,20
932,1139,home,29.65,2024-03-18 14:00:00,0,15
933,1051,electronics,80.42,2024-03-18 16:00:00,0,5
934,1129,books,81.23,2024-03-18 18:00:00,0,20
935,1088,sports,31.85,2024-03-18 20:00:00,0,0
936,1188,clothing,153.82,2024-03-18 22:00:00,0,5
937,1031,home,38.43,2024-03-19 00:00:00,0,0
938,1029,home,103.86,2024-03-19 02:00:00,0,20
939,1092,sports,27.96,2024-03-19 04:00:00,0,15
940,1101,electronics,121.72,2024-03-19 06:00:00,0,10
941,1138,home,118.37,2024-03-19 08:00:00,0,15
942,1080,sports,100.98,2024-03-19 10:00:00,0,5
943,1182,home,127.88,2024-03-19 12:00:00,0,0
944,1094,electronics,68.52,2024-03-19 14:00:00,0,20
945,1025,sports,16.33,2024-03-19 16:00:00,0,20
946,1023,electronics,56.99,2024-03-19 18:00:00,0,0
947,1194,books,18.94,2024-03-19 20:00:00,0,0
948,1026,books,76.72,2024-03-19 22:00:00,0,10
949,1189,books,9.47,2024-03-20 00:00:00,0,0
950,1055,books,67.46,2024-03-20 02:00:00,0,15
951,1018,electronics,12.6,2024-03-20 04:00:00,0,20
952,1060,books,71.0,2024-03-20 06:00:00,0,5
953,1122,sports,327.83,2024-03-20 08:00:00,0,5
954,1085,books,91.83,2024-03-20 10:00:00,0,20
955,1157,clothing,29.37,2024-03-20 12:00:00,0,5
956,1122,sports,21.8,2024-03-20 14:00:00,1,5
957,1080,electronics,43.27,2024-03-20 16:00:00,1,0
958,1126,books,57.22,2024-03-20 18:00:00,0,20
959,1194,books,74.39,2024-03-20 20:00:00,1,20
960,1082,books,23.28,2024-03-20 22:00:00,0,0
961,1030,sports,80.27,2024-03-21 00:00:00,0,20
962,1081,books,14.64,2024-03-21 02:00:00,0,0
963,1168,sports,207.96,2024-03-21 04:00:00,0,0
964,1043,electronics,104.87,2024-03-21 06:00:00,0,5
965,1189,home,51.84,2024-03-21 08:00:00,0,10
966,1117,books,91.64,2024-03-21 10:00:00,0,20
967,1120,clothing,13.56,2024-03-21 12:00:00,0,15
968,1063,clothing,156.45,2024-03-21 14:00:00,0,0
969,1184,home,185.16,2024-03-21 16:00:00,0,10
970,1007,home,17.27,2024-03-21 18:00:00,0,20
971,1059,home,3.07,2024-03-21 20:00:00,0,15
972,1083,electronics,35.04,2024-03-21 22:00:00,0,5
973,1095,books,88.57,2024-03-22 00:00:00,0,0
974,1094,sports,286.58,2024-03-22 02:00:00,0,10
975,1029,electronics,32.58,2024-03-22 04:00:00,0,10
976,1045,books,31.91,2024-03-22 06:00:00,0,5
977,1019,books,10.18,2024-03-22 08:00:00,0,0
978,1114,sports,161.49,2024-03-22 10:00:00,0,0
979,1070,clothing,249.3,2024-03-22 12:00:00,0,10
980,1113,books,5.77,2024-03-22 14:00:00,0,20
981,1117,home,7.58,2024-03-22 16:00:00,0,10
982,1140,electronics,24.32,2024-03-22 18:00:00,0,10
983,1109,sports,178.27,2024-03-22 20:00:00,0,20
984,1129,sports,384.73,2024-03-22 22:00:00,0,15
985,1117,home,34.82,2024-03-23 00:00:00,0,15
986,1130,home,111.83,2024-03-23 02:00:00,1,10
987,1123,home,71.56,2024-03-23 04:00:00,0,15
988,1063,home,19.45,2024-03-23 06:00:00,0,10
989,1049,sports,63.45,2024-03-23 08:00:00,0,15
990,1157,books,232.87,2024-03-23 10:00:00,0,15
991,1068,books,114.53,2024-03-23 12:00:00,0,15
992,1109,home,120.19,2024-03-23 14:00:00,0,20
993,1039,electronics,109.56,2024-03-23 16:00:00,0,5
994,1086,sports,12.07,2024-03-23 18:00:00,0,15
995,1105,home,56.88,2024-03-23 20:00:00,0,0
996,1125,home,93.04,2024-03-23 22:00:00,0,10
997,1105,clothing,60.23,2024-03-24 00:00:00,0,20
998,1072,clothing,0.86,2024-03-24 02:00:00,0,15
999,1192,books,7.51,2024-03-24 04:00:00,0,5
1000,1102,home,187.67,2024-03-24 06:00:00,0,15
1001,1161,home,113.45,2024-03-24 08:00:00,0,5
1002,1147,home,108.37,2024-03-24 10:00:00,0,10
1003,1111,sports,172.75,2024-03-24 12:00:00,0,5
1004,1177,sports,97.02,2024-03-24 14:00:00,0,15
1005,1025,home,303.06,2024-03-24 16:00:00,0,0
1006,1184,clothing,188.24,2024-03-24 18:00:00,0,10
1007,1170,books,25.37,2024-03-24 20:00:00,0,20
1008,1100,books,33.01,2024-03-24 22:00:00,0,15
1009,1146,home,59.53,2024-03-25 00:00:00,0,10
1010,1104,sports,24.68,2024-03-25 02:00:00,1,20
1011,1053,clothing,156.5,2024-03-25 04:00:00,0,0
1012,1159,books,15.44,2024-03-25 06:00:00,0,20
1013,1049,electronics,71.27,2024-03-25 08:00:00,0,5
1014,1062,home,109.39,2024-03-25 10:00:00,0,20
1015,1103,books,71.49,2024-03-25 12:00:00,0,20
1016,1167,books,23.6,2024-03-25 14:00:00,0,15
1017,1076,books,54.84,2024-03-25 16:00:00,0,15
1018,1098,clothing,12.3,2024-03-25 18:00:00,0,15
1019,1008,books,58.39,2024-03-25 20:00:00,0,5
1020,1023,home,64.72,2024-03-25 22:00:00,0,0
1021,1011,clothing,55.68,2024-03-26 00:00:00,0,5
1022,1014,electronics,63.13,2024-03-26 02:00:00,0,10
1023,1173,clothing,22.56,2024-03-26 04:00:00,0,15
1024,1168,electronics,270.18,2024-03-26 06:00:00,0,5
1025,1164,clothing,103.39,2024-03-26 08:00:00,0,10
1026,1011,home,77.59,2024-03-26 10:00:00,0,0
1027,1015,electronics,86.74,2024-03-26 12:00:00,0,0
1028,1056,home,38.22,2024-03-26 14:00:00,0,20
1029,1113,clothing,206.63,2024-03-26 16:00:00,1,20
1030,1066,sports,12.22,2024-03-26 18:00:00,0,20
1031,1097,home,3.41,2024-03-26 20:00:00,0,5
1032,1034,clothing,88.95,2024-03-26 22:00:00,0,10
1033,1146,books,69.66,2024-03-27 00:00:00,0,15
1034,1062,electronics,31.65,2024-03-27 02:00:00,0,5
1035,1013,electronics,317.03,2024-03-27 04:00:00,0,15
1036,1148,sports,99.67,2024-03-27 06:00:00,0,15
1037,1180,sports,57.86,2024-03-27 08:00:00,0,10
1038,1002,electronics,125.35,2024-03-27 10:00:00,0,10
1039,1087,clothing,14.15,2024-03-27 12:00:00,0,5
1040,1165,electronics,33.36,2024-03-27 14:00:00,0,20
1041,1141,clothing,17.82,2024-03-27 16:00:00,0,20
1042,1171,clothing,18.83,2024-03-27 18:00:00,0,20
1043,1083,clothing,120.76,2024-03-27 20:00:00,0,15
1044,1074,books,50.6,2024-03-27 22:00:00,0,5
1045,1141,electronics,65.64,2024-03-28 00:00:00,1,15
1046,1030,sports,29.73,2024-03-28 02:00:00,0,5
1047,1047,home,10.55,2024-03-28 04:00:00,0,20
1048,1120,home,24.14,2024-03-28 06:00:00,0,5
1049,1133,electronics,24.99,2024-03-28 08:00:00,0,10
1050,1023,home,75.34,2024-03-28 10:00:00,0,0
1051,1101,sports,104.21,2024-03-28 12:00:00,0,0
1052,1072,electronics,334.16,2024-03-28 14:00:00,1,5
1053,1100,home,178.6,2024-03-28 16:00:00,0,10
1054,1191,clothing,365.4,2024-03-28 18:00:00,0,0
1055,1015,home,123.6,2024-03-28 20:00:00,0,20
1056,1199,books,0.89,2024-03-28 22:00:00,0,0
1057,1089,sports,9.26,2024-03-29 00:00:00,0,20
1058,1154,electronics,72.55,2024-03-29 02:00:00,0,5
1059,1084,clothing,55.43,2024-03-29 04:00:00,0,5
1060,1062,clothing,19.93,2024-03-29 06:00:00,0,0
1061,1154,clothing,20.78,2024-03-29 08:00:00,0,20
1062,1137,clothing,108.07,2024-03-29 10:00:00,0,15
1063,1028,clothing,35.51,2024-03-29 12:00:00,1,0
1064,1141,electronics,110.68,2024-03-29 14:00:00,1,0
1065,1150,home,99.45,2024-03-29 16:00:00,0,15
1066,1077,books,41.05,2024-03-29 18:00:00,0,20
1067,1185,sports,62.45,2024-03-29 20:00:00,0,0
1068,1128,home,30.19,2024-03-29 22:00:00,0,5
1069,1066,electronics,76.07,2024-03-30 00:00:00,0,10
1070,1002,electronics,209.98,2024-03-30 02:00:00,0,0
1071,1134,books,120.08,2024-03-30 04:00:00,0,5
1072,1041,books,80.11,2024-03-30 06:00:00,0,0
1073,1151,clothing,110.9,2024-03-30 08:00:00,0,10
1074,1105,home,43.6,2024-03-30 10:00:00,0,15
1075,1093,books,43.17,2024-03-30 12:00:00,0,10
1076,1032,home,11.98,2024-03-30 14:00:00,0,5
1077,1142,electronics,38.88,2024-03-30 16:00:00,0,10
1078,1033,sports,63.23,2024-03-30 18:00:00,0,10
1079,1083,clothing,34.31,2024-03-30 20:00:00,0,0
1080,1167,books,5.21,2024-03-30 22:00:00,0,0
1081,1184,books,3.65,2024-03-31 00:00:00,1,0
1082,1197,sports,28.57,2024-03-31 02:00:00,1,20
1083,1191,clothing,18.96,2024-03-31 04:00:00,0,15
1084,1111,clothing,49.59,2024-03-31 06:00:00,0,0
1085,1040,clothing,73.12,2024-03-31 08:00:00,0,5
1086,1167,clothing,71.31,2024-03-31 10:00:00,0,10
1087,1160,electronics,16.71,2024-03-31 12:00:00,0,0
1088,1198,electronics,119.84,2024-03-31 14:00:00,0,20
1089,1130,clothing,190.7,2024-03-31 16:00:00,0,20
1090,1028,books,75.9,2024-03-31 18:00:00,0,5
1091,1100,clothing,63.84,2024-03-31 20:00:00,0,0
1092,1089,clothing,17.1,2024-03-31 22:00:00,0,5
1093,1168,home,2.25,2024-04-01 00:00:00,0,10
1094,1078,clothing,107.69,2024-04-01 02:00:00,0,20
1095,1065,sports,206.15,2024-04-01 04:00:00,0,5
1096,1016,home,240.7,2024-04-01 06:00:00,0,5
1097,1167,electronics,4.32,2024-04-01 08:00:00,0,5
1098,1151,clothing,88.94,2024-04-01 10:00:00,0,0
1099,1008,electronics,50.32,2024-04-01 12:00:00,0,0
1100,1086,clothing,1.55,2024-04-01 14:00:00,1,10
1101,1095,clothing,40.57,2024-04-01 16:00:00,0,15
1102,1093,electronics,22.54,2024-04-01 18:00:00,1,0
1103,1183,electronics,59.56,2024-04-01 20:00:00,0,5
1104,1030,books,89.64,2024-04-01 22:00:00,1,20
1105,1061,home,58.95,2024-04-02 00:00:00,0,20
1106,1036,clothing,75.52,2024-04-02 02:00:00,0,15
1107,1048,sports,72.62,2024-04-02 04:00:00,0,10
1108,1181,clothing,0.09,2024-04-02 06:00:00,0,10
1109,1188,sports,271.32,2024-04-02 08:00:00,1,5
1110,1008,clothing,124.71,2024-04-02 10:00:00,0,5
1111,1126,books,2.32,2024-04-02 12:00:00,1,5
1112,1046,home,20.12,2024-04-02 14:00:00,0,15
1113,1038,electronics,21.21,2024-04-02 16:00:00,1,15
1114,1058,sports,9.39,2024-04-02 18:00:00,0,15
1115,1038,clothing,6.31,2024-04-02 20:00:00,0,15
1116,1098,books,55.34,2024-04-02 22:00:00,0,0
1117,1199,home,9.28,2024-04-03 00:00:00,0,15
1118,1117,home,112.44,2024-04-03 02:00:00,0,20
1119,1144,electronics,55.69,2024-04-03 04:00:00,0,15
1120,1098,sports,20.22,2024-04-03 06:00:00,0,10
1121,1002,home,104.41,2024-04-03 08:00:00,0,5
1122,1016,sports,90.35,2024-04-03 10:00:00,0,15
1123,1053,books,228.87,2024-04-03 12:00:00,0,10
1124,1048,home,13.84,2024-04-03 14:00:00,0,5
1125,1168,books,11.72,2024-04-03 16:00:00,0,10
1126,1168,sports,12.85,2024-04-03 18:00:00,0,0
1127,1170,sports,35.42,2024-04-03 20:00:00,0,20
1128,1127,sports,147.28,2024-04-03 22:00:00,0,15
1129,1111,books,254.56,2024-04-04 00:00:00,0,5
1130,1129,home,72.41,2024-04-04 02:00:00,0,15
1131,1081,clothing,133.55,2024-04-04 04:00:00,0,0
1132,1134,books,333.27,2024-04-04 06:00:00,1,5
1133,1158,home,2.53,2024-04-04 08:00:00,1,15
1134,1152,electronics,192.65,2024-04-04 10:00:00,0,0
1135,1122,home,30.21,2024-04-04 12:00:00,1,15
1136,1011,electronics,0.88,2024-04-04 14:00:00,1,20
1137,1144,books,39.85,2024-04-04 16:00:00,0,10
1138,1073,books,228.7,2024-04-04 18:00:00,0,5
1139,1148,books,41.62,2024-04-04 20:00:00,0,15
1140,1107,books,56.72,2024-04-04 22:00:00,0,5
1141,1176,books,21.86,2024-04-05 00:00:00,0,15
1142,1067,books,0.29,2024-04-05 02:00:00,0,15
1143,1186,books,191.16,2024-04-05 04:00:00,0,0
1144,1168,books,68.62,2024-04-05 06:00:00,1,0
1145,1066,home,5.54,2024-04-05 08:00:00,0,0
1146,1096,books,79.72,2024-04-05 10:00:00,0,0
1147,1106,home,21.79,2024-04-05 12:00:00,0,5
1148,1153,sports,4.6,2024-04-05 14:00:00,0,0
1149,1137,sports,37.3,2024-04-05 16:00:00,0,20
1150,1170,electronics,141.4,2024-04-05 18:00:00,0,20
1151,1073,home,167.1,2024-04-05 20:00:00,0,0
1152,1100,clothing,99.15,2024-04-05 22:00:00,0,5
1153,1086,electronics,83.46,2024-04-06 00:00:00,0,15
1154,1181,home,20.57,2024-04-06 02:00:00,1,15
1155,1060,electronics,12.65,2024-04-06 04:00:00,0,10
1156,1117,sports,134.1,2024-04-06 06:00:00,0,20
1157,1024,home,36.27,2024-04-06 08:00:00,0,15
1158,1170,sports,210.19,2024-04-06 10:00:00,0,15
1159,1076,home,64.16,2024-04-06 12:00:00,0,10
1160,1068,sports,102.01,2024-04-06 14:00:00,0,10
1161,1116,electronics,83.25,2024-04-06 16:00:00,0,5
1162,1099,sports,52.01,2024-04-06 18:00:00,0,10
1163,1169,electronics,0.92,2024-04-06 20:00:00,0,20
1164,1106,clothing,11.38,2024-04-06 22:00:00,0,5
1165,1103,electronics,18.63,2024-04-07 00:00:00,0,0
1166,1020,books,5.76,2024-04-07 02:00:00,0,10
1167,1004,home,10.88,2024-04-07 04:00:00,0,15
1168,1079,clothing,64.71,2024-04-07 06:00:00,0,20
1169,1199,sports,72.27,2024-04-07 08:00:00,0,10
1170,1183,home,98.27,2024-04-07 10:00:00,0,15
1171,1125,home,16.23,2024-04-07 12:00:00,0,5
1172,1126,sports,125.44,2024-04-07 14:00:00,0,10
1173,1078,books,18.56,2024-04-07 16:00:00,0,10
1174,1035,clothing,1.66,2024-04-07 18:00:00,0,5
1175,1001,sports,39.5,2024-04-07 20:00:00,0,15
1176,1067,books,16.06,2024-04-07 22:00:00,0,20
1177,1063,home,71.41,2024-04-08 00:00:00,0,5
1178,1038,clothing,203.61,2024-04-08 02:00:00,1,0
1179,1051,clothing,45.91,2024-04-08 04:00:00,0,20
1180,1004,electronics,198.58,2024-04-08 06:00:00,0,20
1181,1121,clothing,37.28,2024-04-08 08:00:00,0,20
1182,1185,electronics,2.14,2024-04-08 10:00:00,0,5
1183,1138,home,191.38,2024-04-08 12:00:00,0,15
1184,1089,electronics,50.97,2024-04-08 14:00:00,0,15
1185,1084,home,154.84,2024-04-08 16:00:00,0,15
1186,1061,sports,18.81,2024-04-08 18:00:00,0,20
1187,1028,home,63.2,2024-04-08 20:00:00,0,20
1188,1119,books,6.65,2024-04-08 22:00:00,0,10
1189,1113,electronics,74.46,2024-04-09 00:00:00,0,0
1190,1001,sports,40.07,2024-04-09 02:00:00,0,0
1191,1083,electronics,131.36,2024-04-09 04:00:00,0,20
1192,1055,home,74.9,2024-04-09 06:00:00,1,20
1193,1034,home,78.28,2024-04-09 08:00:00,0,0
1194,1140,electronics,35.69,2024-04-09 10:00:00,0,5
1195,1105,home,84.44,2024-04-09 12:00:00,0,5
1196,1126,electronics,109.47,2024-04-09 14:00:00,0,5
1197,1142,clothing,59.56,2024-04-09 16:00:00,0,15
1198,1196,sports,141.14,2024-04-09 18:00:00,0,10
1199,1160,sports,21.03,2024-04-09 20:00:00,0,10
1200,1124,clothing,55.2,2024-04-09 22:00:00,0,10
1201,1175,sports,77.41,2024-04-10 00:00:00,0,15
1202,1095,sports,34.28,2024-04-10 02:00:00,0,15
1203,1196,home,17.85,2024-04-10 04:00:00,0,0
1204,1152,electronics,8.04,2024-04-10 06:00:00,0,0
1205,1130,clothing,69.66,2024-04-10 08:00:00,0,5
1206,1180,home,21.96,2024-04-10 10:00:00,0,10
1207,1103,sports,5.07,2024-04-10 12:00:00,0,20
1208,1144,sports,66.33,2024-04-10 14:00:00,0,20
1209,1056,books,8.79,2024-04-10 16:00:00,0,15
1210,1192,clothing,166.25,2024-04-10 18:00:00,0,0
1211,1124,sports,6.75,2024-04-10 20:00:00,0,0
1212,1156,clothing,108.81,2024-04-10 22:00:00,0,10
1213,1092,clothing,79.58,2024-04-11 00:00:00,0,10
1214,1173,sports,4.11,2024-04-11 02:00:00,0,15
1215,1014,books,34.79,2024-04-11 04:00:00,0,0
1216,1022,clothing,135.36,2024-04-11 06:00:00,0,20
1217,1101,electronics,13.05,2024-04-11 08:00:00,0,10
1218,1146,books,49.45,2024-04-11 10:00:00,0,10
1219,1161,sports,136.95,2024-04-11 12:00:00,0,0
1220,1088,books,14.78,2024-04-11 14:00:00,0,20
1221,1129,home,22.49,2024-04-11 16:00:00,0,10
1222,1110,clothing,8.39,2024-04-11 18:00:00,0,5
1223,1192,home,189.31,2024-04-11 20:00:00,0,5
1224,1130,home,7.33,2024-04-11 22:00:00,0,5
1225,1083,home,236.34,2024-04-12 00:00:00,0,0
1226,1193,home,38.54,2024-04-12 02:00:00,0,20
1227,1021,books,121.99,2024-04-12 04:00:00,0,20
1228,1196,clothing,105.98,2024-04-12 06:00:00,0,20
1229,1030,home,74.23,2024-04-12 08:00:00,0,5
1230,1057,sports,43.63,2024-04-12 10:00:00,0,10
1231,1164,sports,70.61,2024-04-12 12:00:00,1,10
1232,1146,clothing,29.36,2024-04-12 14:00:00,0,10
1233,1194,home,83.52,2024-04-12 16:00:00,0,10
1234,1149,electronics,0.54,2024-04-12 18:00:00,0,10
1235,1127,books,5.2,2024-04-12 20:00:00,0,15
1236,1069,books,8.53,2024-04-12 22:00:00,0,0
1237,1000,clothing,13.76,2024-04-13 00:00:00,0,0
1238,1024,sports,20.96,2024-04-13 02:00:00,0,20
1239,1059,sports,137.4,2024-04-13 04:00:00,0,20
1240,1008,electronics,284.9,2024-04-13 06:00:00,0,20
1241,1101,clothing,15.84,2024-04-13 08:00:00,0,5
1242,1155,clothing,5.37,2024-04-13 10:00:00,0,10
1243,1192,sports,17.65,2024-04-13 12:00:00,1,0
1244,1097,books,90.96,2024-04-13 14:00:00,0,5
1245,1175,home,135.92,2024-04-13 16:00:00,0,15
1246,1197,sports,40.34,2024-04-13 18:00:00,0,5
1247,1171,home,37.37,2024-04-13 20:00:00,0,10
1248,1092,electronics,69.13,2024-04-13 22:00:00,0,0
1249,1065,electronics,96.64,2024-04-14 00:00:00,0,10
1250,1195,clothing,61.2,2024-04-14 02:00:00,1,15
1251,1048,clothing,2.22,2024-04-14 04:00:00,0,10
1252,1082,home,299.69,2024-04-14 06:00:00,0,10
1253,1014,electronics,38.32,2024-04-14 08:00:00,0,20
1254,1158,clothing,47.23,2024-04-14 10:00:00,0,5
1255,1129,clothing,7.17,2024-04-14 12:00:00,0,5
1256,1016,electronics,4.6,2024-04-14 14:00:00,0,15
1257,1044,electronics,5.23,2024-04-14 16:00:00,0,10
1258,1111,electronics,56.89,2024-04-14 18:00:00,0,20
1259,1108,books,4.76,2024-04-14 20:00:00,0,0
1260,1160,books,240.75,2024-04-14 22:00:00,0,0
1261,1053,books,49.86,2024-04-15 00:00:00,0,5
1262,1184,books,48.51,2024-04-15 02:00:00,0,10
1263,1088,home,142.85,2024-04-15 04:00:00,0,20
1264,1164,sports,47.21,2024-04-15 06:00:00,0,10
1265,1047,books,16.35,2024-04-15 08:00:00,0,10
1266,1007,home,83.74,2024-04-15 10:00:00,0,0
1267,1011,home,2.64,2024-04-15 12:00:00,0,10
1268,1074,home,9.64,2024-04-15 14:00:00,1,10
1269,1190,electronics,67.49,2024-04-15 16:00:00,0,10
1270,1009,sports,1.26,2024-04-15 18:00:00,0,15
1271,1073,electronics,60.65,2024-04-15 20:00:00,0,10
1272,1021,books,153.46,2024-04-15 22:00:00,1,0
1273,1186,home,341.25,2024-04-16 00:00:00,0,0
1274,1135,books,115.75,2024-04-16 02:00:00,0,0
1275,1152,clothing,17.19,2024-04-16 04:00:00,0,15
1276,1142,sports,31.93,2024-04-16 06:00:00,0,20
1277,1131,electronics,24.2,2024-04-16 08:00:00,0,20
1278,1154,clothing,26.02,2024-04-16 10:00:00,0,5
1279,1001,sports,86.23,2024-04-16 12:00:00,0,0
1280,1173,home,145.11,2024-04-16 14:00:00,0,15
1281,1147,electronics,33.79,2024-04-16 16:00:00,0,0
1282,1147,home,0.84,2024-04-16 18:00:00,0,15
1283,1078,sports,25.58,2024-04-16 20:00:00,0,5
1284,1160,electronics,56.77,2024-04-16 22:00:00,0,20
1285,1076,books,19.02,2024-04-17 00:00:00,0,15
1286,1009,books,34.0,2024-04-17 02:00:00,0,15
1287,1181,electronics,134.75,2024-04-17 04:00:00,0,10
1288,1046,clothing,21.97,2024-04-17 06:00:00,1,20
1289,1020,electronics,49.86,2024-04-17 08:00:00,0,10
1290,1124,electronics,55.01,2024-04-17 10:00:00,0,15
1291,1046,books,142.95,2024-04-17 12:00:00,0,5
1292,1171,books,38.47,2024-04-17 14:00:00,0,10
1293,1088,clothing,63.74,2024-04-17 16:00:00,0,20
1294,1000,clothing,31.71,2024-04-17 18:00:00,0,5
1295,1190,electronics,34.52,2024-04-17 20:00:00,0,0
1296,1102,home,360.62,2024-04-17 22:00:00,0,5
1297,1052,clothing,52.38,2024-04-18 00:00:00,0,5
1298,1135,sports,293.15,2024-04-18 02:00:00,0,10
1299,1106,books,44.24,2024-04-18 04:00:00,1,0
1300,1005,sports,3.82,2024-04-18 06:00:00,0,0
1301,1151,home,8.03,2024-04-18 08:00:00,0,5
1302,1080,clothing,2.91,2024-04-18 10:00:00,0,10
1303,1139,home,80.29,2024-04-18 12:00:00,0,0
1304,1179,clothing,63.28,2024-04-18 14:00:00,0,5
1305,1122,electronics,18.64,2024-04-18 16:00:00,0,5
1306,1134,clothing,97.52,2024-04-18 18:00:00,0,0
1307,1050,clothing,127.61,2024-04-18 20:00:00,0,5
1308,1047,electronics,63.14,2024-04-18 22:00:00,0,5
1309,1083,electronics,42.64,2024-04-19 00:00:00,0,0
1310,1170,sports,31.84,2024-04-19 02:00:00,0,15
1311,1104,books,18.11,2024-04-19 04:00:00,0,0
1312,1069,books,51.98,2024-04-19 06:00:00,0,10
1313,1155,sports,72.73,2024-04-19 08:00:00,0,15
1314,1170,clothing,50.16,2024-04-19 10:00:00,0,20
1315,1180,books,56.63,2024-04-19 12:00:00,0,10
1316,1059,sports,274.22,2024-04-19 14:00:00,0,10
1317,1141,home,211.52,2024-04-19 16:00:00,0,15
1318,1118,clothing,38.56,2024-04-19 18:00:00,0,20
1319,1089,clothing,23.07,2024-04-19 20:00:00,0,5
1320,1079,electronics,618.73,2024-04-19 22:00:00,0,15
1321,1022,electronics,9.39,2024-04-20 00:00:00,0,10
1322,1054,electronics,90.2,2024-04-20 02:00:00,0,0
1323,1109,home,134.93,2024-04-20 04:00:00,0,15
1324,1177,home,1.58,2024-04-20 06:00:00,0,20
1325,1173,books,231.71,2024-04-20 08:00:00,0,0
1326,1037,home,46.75,2024-04-20 10:00:00,1,0
1327,1135,electronics,84.77,2024-04-20 12:00:00,0,20
1328,1016,clothing,13.38,2024-04-20 14:00:00,0,10
1329,1135,clothing,247.33,2024-04-20 16:00:00,0,5
1330,1068,sports,134.71,2024-04-20 18:00:00,0,15
1331,1089,home,78.38,2024-04-20 20:00:00,0,5
1332,1143,sports,28.74,2024-04-20 22:00:00,0,5
1333,1084,clothing,86.18,2024-04-21 00:00:00,0,5
1334,1161,sports,98.34,2024-04-21 02:00:00,0,10
1335,1106,electronics,289.07,2024-04-21 04:00:00,0,0
1336,1199,clothing,10.21,2024-04-21 06:00:00,0,5
1337,1127,books,48.46,2024-04-21 08:00:00,0,5
1338,1059,electronics,20.05,2024-04-21 10:00:00,0,0
1339,1155,sports,25.54,2024-04-21 12:00:00,0,15
1340,1081,sports,221.89,2024-04-21 14:00:00,0,0
1341,1106,books,8.37,2024-04-21 16:00:00,0,20
1342,1027,clothing,126.93,2024-04-21 18:00:00,0,0
1343,1023,electronics,261.79,2024-04-21 20:00:00,1,5
1344,1114,home,1.84,2024-04-21 22:00:00,0,0
1345,1037,books,21.75,2024-04-22 00:00:00,0,5
1346,1199,home,33.61,2024-04-22 02:00:00,0,15
1347,1171,home,9.85,2024-04-22 04:00:00,0,0
1348,1140,electronics,6.0,2024-04-22 06:00:00,0,10
1349,1146,electronics,21.66,2024-04-22 08:00:00,0,15
1350,1119,home,15.56,2024-04-22 10:00:00,1,10
1351,1012,electronics,89.23,2024-04-22 12:00:00,0,0
1352,1078,sports,88.67,2024-04-22 14:00:00,0,15
1353,1099,electronics,93.01,2024-04-22 16:00:00,0,0
1354,1183,home,219.69,2024-04-22 18:00:00,0,0
1355,1043,sports,6.86,2024-04-22 20:00:00,0,10
1356,1099,books,53.34,2024-04-22 22:00:00,0,5
1357,1068,electronics,47.44,2024-04-23 00:00:00,0,0
1358,1026,sports,228.46,2024-04-23 02:00:00,0,15
1359,1020,electronics,18.31,2024-04-23 04:00:00,0,10
1360,1073,books,109.09,2024-04-23 06:00:00,0,20
1361,1016,sports,15.88,2024-04-23 08:00:00,0,10
1362,1013,home,6.96,2024-04-23 10:00:00,0,10
1363,1070,electronics,75.83,2024-04-23 12:00:00,0,20
1364,1040,sports,74.44,2024-04-23 14:00:00,0,0
1365,1110,electronics,253.55,2024-04-23 16:00:00,0,5
1366,1003,home,8.74,2024-04-23 18:00:00,0,15
1367,1060,home,34.64,2024-04-23 20:00:00,0,5
1368,1090,clothing,191.26,2024-04-23 22:00:00,0,20
1369,1192,books,68.62,2024-04-24 00:00:00,0,5
1370,1126,electronics,114.64,2024-04-24 02:00:00,0,10
1371,1176,sports,8.78,2024-04-24 04:00:00,0,20
1372,1068,clothing,1.69,2024-04-24 06:00:00,0,5
1373,1089,clothing,52.46,2024-04-24 08:00:00,0,20
1374,1084,books,29.04,2024-04-24 10:00:00,0,0
1375,1177,home,87.18,2024-04-24 12:00:00,0,5
1376,1191,books,130.11,2024-04-24 14:00:00,0,10
1377,1192,books,198.76,2024-04-24 16:00:00,1,10
1378,1150,books,205.2,2024-04-24 18:00:00,0,20
1379,1100,sports,96.29,2024-04-24 20:00:00,0,20
1380,1108,clothing,7.34,2024-04-24 22:00:00,0,15
1381,1196,sports,30.42,2024-04-25 00:00:00,0,15
1382,1056,home,62.98,2024-04-25 02:00:00,0,5
1383,1069,sports,224.27,2024-04-25 04:00:00,0,20
1384,1179,sports,1.25,2024-04-25 06:00:00,0,15
1385,1077,home,126.23,2024-04-25 08:00:00,0,0
1386,1047,clothing,25.05,2024-04-25 10:00:00,1,20
1387,1112,home,12.5,2024-04-25 12:00:00,0,5
1388,1065,home,9.87,2024-04-25 14:00:00,0,10
1389,1178,clothing,42.05,2024-04-25 16:00:00,0,10
1390,1181,home,196.92,2024-04-25 18:00:00,0,20
1391,1061,clothing,97.19,2024-04-25 20:00:00,1,5
1392,1105,books,148.45,2024-04-25 22:00:00,0,5
1393,1196,home,75.08,2024-04-26 00:00:00,0,0
1394,1148,electronics,55.43,2024-04-26 02:00:00,0,5
1395,1043,clothing,425.83,2024-04-26 04:00:00,0,0
1396,1118,home,146.48,2024-04-26 06:00:00,0,10
1397,1123,books,182.72,2024-04-26 08:00:00,0,20
1398,1130,sports,0.05,2024-04-26 10:00:00,1,10
1399,1005,electronics,4.45,2024-04-26 12:00:00,0,20
1400,1059,home,76.99,2024-04-26 14:00:00,0,20
1401,1170,sports,186.52,2024-04-26 16:00:00,0,0
1402,1048,sports,102.46,2024-04-26 18:00:00,0,10
1403,1059,electronics,0.56,2024-04-26 20:00:00,0,10
1404,1064,sports,110.65,2024-04-26 22:00:00,0,5
1405,1035,clothing,128.8,2024-04-27 00:00:00,0,20
1406,1031,clothing,346.32,2024-04-27 02:00:00,0,5
1407,1069,clothing,0.39,2024-04-27 04:00:00,1,0
1408,1174,home,7.86,2024-04-27 06:00:00,1,10
1409,1000,home,154.15,2024-04-27 08:00:00,0,5
1410,1056,books,92.25,2024-04-27 10:00:00,0,5
1411,1012,electronics,39.07,2024-04-27 12:00:00,0,10
1412,1112,sports,54.77,2024-04-27 14:00:00,0,15
1413,1050,clothing,63.68,2024-04-27 16:00:00,0,5
1414,1158,electronics,199.91,2024-04-27 18:00:00,0,5
1415,1117,books,157.42,2024-04-27 20:00:00,0,0
1416,1156,books,54.52,2024-04-27 22:00:00,0,5
1417,1126,home,48.11,2024-04-28 00:00:00,0,10
1418,1087,sports,39.92,2024-04-28 02:00:00,0,15
1419,1172,electronics,70.04,2024-04-28 04:00:00,0,5
1420,1095,clothing,126.21,2024-04-28 06:00:00,0,0
1421,1189,books,109.65,2024-04-28 08:00:00,0,10
1422,1198,home,178.12,2024-04-28 10:00:00,0,15
1423,1117,home,74.02,2024-04-28 12:00:00,0,0
1424,1134,clothing,85.48,2024-04-28 14:00:00,0,10
1425,1051,home,50.62,2024-04-28 16:00:00,1,0
1426,1162,sports,175.26,2024-04-28 18:00:00,0,10
1427,1134,books,367.71,2024-04-28 20:00:00,0,15
1428,1180,sports,40.85,2024-04-28 22:00:00,0,15
1429,1053,home,100.0,2024-04-29 00:00:00,0,15
1430,1157,clothing,18.46,2024-04-29 02:00:00,0,15
1431,1094,clothing,72.52,2024-04-29 04:00:00,0,5
1432,1037,home,114.68,2024-04-29 06:00:00,0,20
1433,1034,clothing,28.51,2024-04-29 08:00:00,0,5
1434,1112,clothing,51.21,2024-04-29 10:00:00,0,5
1435,1063,clothing,266.67,2024-04-29 12:00:00,0,15
1436,1020,home,0.31,2024-04-29 14:00:00,0,5
1437,1085,clothing,179.8,2024-04-29 16:00:00,0,0
1438,1130,home,287.06,2024-04-29 18:00:00,0,15
1439,1063,sports,89.85,2024-04-29 20:00:00,0,15
1440,1191,sports,86.06,2024-04-29 22:00:00,0,10
1441,1155,sports,43.95,2024-04-30 00:00:00,0,0
1442,1102,electronics,171.3,2024-04-30 02:00:00,0,15
1443,1186,books,87.11,2024-04-30 04:00:00,0,0
1444,1086,clothing,70.75,2024-04-30 06:00:00,0,10
1445,1027,sports,55.33,2024-04-30 08:00:00,0,10
1446,1007,home,91.6,2024-04-30 10:00:00,0,15
1447,1187,clothing,0.16,2024-04-30 12:00:00,0,20
1448,1191,books,31.93,2024-04-30 14:00:00,0,0
1449,1147,home,63.18,2024-04-30 16:00:00,0,0
1450,1020,books,69.69,2024-04-30 18:00:00,0,10
1451,1058,books,50.59,2024-04-30 20:00:00,0,20
1452,1008,electronics,178.5,2024-04-30 22:00:00,0,0
1453,1010,books,93.81,2024-05-01 00:00:00,0,10
1454,1049,clothing,76.1,2024-05-01 02:00:00,0,10
1455,1114,sports,270.87,2024-05-01 04:00:00,0,5
1456,1013,sports,163.85,2024-05-01 06:00:00,0,15
1457,1196,home,193.57,2024-05-01 08:00:00,0,5
1458,1091,electronics,151.47,2024-05-01 10:00:00,0,10
1459,1052,sports,100.17,2024-05-01 12:00:00,0,20
1460,1103,clothing,123.95,2024-05-01 14:00:00,0,5
1461,1158,books,36.82,2024-05-01 16:00:00,0,0
1462,1062,sports,15.0,2024-05-01 18:00:00,0,20
1463,1009,sports,107.28,2024-05-01 20:00:00,0,5
1464,1010,electronics,8.41,2024-05-01 22:00:00,0,15
1465,1170,clothing,83.88,2024-05-02 00:00:00,0,15
1466,1022,home,4.58,2024-05-02 02:00:00,1,10
1467,1127,books,86.05,2024-05-02 04:00:00,0,0
1468,1076,clothing,13.14,2024-05-02 06:00:00,0,20
1469,1155,books,45.96,2024-05-02 08:00:00,0,15
1470,1012,sports,25.59,2024-05-02 10:00:00,0,10
1471,1179,clothing,53.24,2024-05-02 12:00:00,0,20
1472,1139,home,40.69,2024-05-02 14:00:00,0,15
1473,1089,home,9.83,2024-05-02 16:00:00,0,15
1474,1041,sports,9.06,2024-05-02 18:00:00,0,0
1475,1195,clothing,4.76,2024-05-02 20:00:00,0,15
1476,1060,clothing,59.09,2024-05-02 22:00:00,0,5
1477,1098,books,6.86,2024-05-03 00:00:00,0,0
1478,1078,books,32.91,2024-05-03 02:00:00,1,5
1479,1046,books,30.76,2024-05-03 04:00:00,0,0
1480,1083,home,35.35,2024-05-03 06:00:00,0,0
1481,1030,home,65.63,2024-05-03 08:00:00,0,15
1482,1000,clothing,21.58,2024-05-03 10:00:00,0,10
1483,1057,home,38.77,2024-05-03 12:00:00,0,5
1484,1022,clothing,378.49,2024-05-03 14:00:00,0,0
1485,1082,books,147.39,2024-05-03 16:00:00,0,15
1486,1172,electronics,205.22,2024-05-03 18:00:00,0,15
1487,1032,clothing,44.13,2024-05-03 20:00:00,0,10
1488,1000,sports,22.81,2024-05-03 22:00:00,0,0
1489,1022,books,57.43,2024-05-04 00:00:00,0,0
1490,1101,home,36.89,2024-05-04 02:00:00,0,0
1491,1054,electronics,160.18,2024-05-04 04:00:00,0,0
1492,1097,home,176.17,2024-05-04 06:00:00,0,20
1493,1005,clothing,77.46,2024-05-04 08:00:00,0,5
1494,1066,home,54.41,2024-05-04 10:00:00,0,15
1495,1082,sports,43.27,2024-05-04 12:00:00,0,20
1496,1086,books,64.8,2024-05-04 14:00:00,0,20
1497,1110,electronics,13.65,2024-05-04 16:00:00,0,5
1498,1156,books,191.62,2024-05-04 18:00:00,1,10
1499,1093,electronics,29.22,2024-05-04 20:00:00,0,10
1500,1168,books,27.53,2024-05-04 22:00:00,0,0
1501,1105,electronics,273.13,2024-05-05 00:00:00,0,15
1502,1052,home,207.96,2024-05-05 02:00:00,0,10
1503,1045,clothing,108.5,2024-05-05 04:00:00,0,5
1504,1064,clothing,17.34,2024-05-05 06:00:00,0,10
1505,1119,electronics,82.29,2024-05-05 08:00:00,0,15
1506,1048,sports,82.03,2024-05-05 10:00:00,0,0
1507,1182,sports,14.64,2024-05-05 12:00:00,0,15
1508,1095,sports,11.22,2024-05-05 14:00:00,0,20
1509,1172,electronics,15.66,2024-05-05 16:00:00,0,15
1510,1136,clothing,66.52,2024-05-05 18:00:00,0,15
1511,1066,sports,11.58,2024-05-05 20:00:00,0,0
1512,1045,books,17.39,2024-05-05 22:00:00,0,15
1513,1148,electronics,40.12,2024-05-06 00:00:00,0,15
1514,1066,electronics,53.51,2024-05-06 02:00:00,0,10
1515,1049,clothing,94.1,2024-05-06 04:00:00,0,10
1516,1186,sports,16.93,2024-05-06 06:00:00,0,15
1517,1096,electronics,229.16,2024-05-06 08:00:00,0,0
1518,1009,sports,27.29,2024-05-06 10:00:00,0,5
1519,1098,home,104.91,2024-05-06 12:00:00,0,15
1520,1092,sports,2.69,2024-05-06 14:00:00,1,20
1521,1172,sports,50.95,2024-05-06 16:00:00,0,5
1522,1142,clothing,28.09,2024-05-06 18:00:00,0,10
1523,1038,sports,127.73,2024-05-06 20:00:00,0,20
1524,1030,electronics,181.19,2024-05-06 22:00:00,0,0
1525,1120,clothing,87.62,2024-05-07 00:00:00,0,5
1526,1009,clothing,444.62,2024-05-07 02:00:00,0,0
1527,1063,electronics,9.62,2024-05-07 04:00:00,0,5
1528,1027,electronics,76.07,2024-05-07 06:00:00,1,15
1529,1004,electronics,39.32,2024-05-07 08:00:00,0,5
1530,1183,electronics,68.95,2024-05-07 10:00:00,0,20
1531,1017,clothing,19.8,2024-05-07 12:00:00,0,20
1532,1001,electronics,121.9,2024-05-07 14:00:00,0,20
1533,1186,electronics,114.3,2024-05-07 16:00:00,1,15
1534,1037,sports,35.98,2024-05-07 18:00:00,0,15
1535,1163,electronics,17.17,2024-05-07 20:00:00,0,10
1536,1006,electronics,61.03,2024-05-07 22:00:00,0,20
1537,1030,electronics,73.1,2024-05-08 00:00:00,1,0
1538,1022,electronics,74.59,2024-05-08 02:00:00,0,15
1539,1141,books,70.01,2024-05-08 04:00:00,0,0
1540,1124,sports,15.25,2024-05-08 06:00:00,0,5
1541,1095,home,72.66,2024-05-08 08:00:00,0,5
1542,1048,books,48.89,2024-05-08 10:00:00,0,15
1543,1017,electronics,176.53,2024-05-08 12:00:00,0,15
1544,1113,home,0.09,2024-05-08 14:00:00,0,0
1545,1046,electronics,10.02,2024-05-08 16:00:00,0,15
1546,1118,home,47.21,2024-05-08 18:00:00,1,5
1547,1137,books,71.31,2024-05-08 20:00:00,0,0
1548,1169,sports,58.79,2024-05-08 22:00:00,0,10
1549,1098,clothing,98.65,2024-05-09 00:00:00,0,10
1550,1000,home,22.92,2024-05-09 02:00:00,0,5
1551,1056,books,39.32,2024-05-09 04:00:00,1,5
1552,1170,books,46.56,2024-05-09 06:00:00,0,20
1553,1106,sports,94.66,2024-05-09 08:00:00,0,5
1554,1123,home,200.49,2024-05-09 10:00:00,0,20
1555,1091,books,87.64,2024-05-09 12:00:00,1,20
1556,1032,books,3.93,2024-05-09 14:00:00,0,5
1557,1179,home,44.14,2024-05-09 16:00:00,0,10
1558,1154,clothing,64.16,2024-05-09 18:00:00,0,15
1559,1199,electronics,9.45,2024-05-09 20:00:00,0,10
1560,1171,books,17.01,2024-05-09 22:00:00,1,10
1561,1058,electronics,66.34,2024-05-10 00:00:00,0,5
1562,1050,electronics,46.75,2024-05-10 02:00:00,0,0
1563,1049,books,144.95,2024-05-10 04:00:00,0,0
1564,1183,home,122.56,2024-05-10 06:00:00,0,5
1565,1111,home,176.1,2024-05-10 08:00:00,1,15
1566,1090,clothing,12.58,2024-05-10 10:00:00,0,5
1567,1193,books,126.9,2024-05-10 12:00:00,0,0
1568,1120,electronics,10.79,2024-05-10 14:00:00,0,5
1569,1181,home,10.09,2024-05-10 16:00:00,0,10
1570,1196,clothing,27.52,2024-05-10 18:00:00,0,5
1571,1015,home,14.28,2024-05-10 20:00:00,0,5
1572,1072,sports,104.74,2024-05-10 22:00:00,0,0
1573,1146,home,8.01,2024-05-11 00:00:00,0,5
1574,1162,clothing,127.28,2024-05-11 02:00:00,0,5
1575,1029,sports,27.88,2024-05-11 04:00:00,0,20
1576,1063,home,129.17,2024-05-11 06:00:00,0,20
1577,1109,home,57.77,2024-05-11 08:00:00,0,5
1578,1159,sports,85.7,2024-05-11 10:00:00,0,0
1579,1022,sports,4.61,2024-05-11 12:00:00,0,0
1580,1120,electronics,115.69,2024-05-11 14:00:00,0,5
1581,1059,sports,35.38,2024-05-11 16:00:00,0,10
1582,1043,home,13.11,2024-05-11 18:00:00,0,10
1583,1103,clothing,33.07,2024-05-11 20:00:00,0,5
1584,1082,clothing,41.37,2024-05-11 22:00:00,0,5
1585,1127,home,23.86,2024-05-12 00:00:00,0,5
1586,1063,clothing,59.24,2024-05-12 02:00:00,0,10
1587,1164,books,134.97,2024-05-12 04:00:00,0,15
1588,1015,home,46.71,2024-05-12 06:00:00,1,0
1589,1172,home,13.62,2024-05-12 08:00:00,0,10
1590,1005,sports,43.53,2024-05-12 10:00:00,0,15
1591,1147,electronics,29.67,2024-05-12 12:00:00,0,15
1592,1069,clothing,8.25,2024-05-12 14:00:00,0,10
1593,1076,sports,19.21,2024-05-12 16:00:00,0,10
1594,1003,books,37.68,2024-05-12 18:00:00,0,15
1595,1140,clothing,70.46,2024-05-12 20:00:00,0,5
1596,1033,clothing,159.89,2024-05-12 22:00:00,0,10
1597,1131,clothing,3.36,2024-05-13 00:00:00,0,5
1598,1145,books,15.8,2024-05-13 02:00:00,0,10
1599,1169,clothing,22.37,2024-05-13 04:00:00,0,0
1600,1141,home,133.84,2024-05-13 06:00:00,0,5
1601,1060,books,58.02,2024-05-13 08:00:00,0,0
1602,1147,home,27.97,2024-05-13 10:00:00,0,5
1603,1165,electronics,39.1,2024-05-13 12:00:00,0,10
1604,1063,home,60.3,2024-05-13 14:00:00,0,10
1605,1024,sports,21.41,2024-05-13 16:00:00,0,20
1606,1178,electronics,136.2,2024-05-13 18:00:00,0,0
1607,1029,clothing,124.87,2024-05-13 20:00:00,0,20
1608,1118,home,58.64,2024-05-13 22:00:00,0,5
1609,1047,home,196.84,2024-05-14 00:00:00,0,15
1610,1025,home,1.51,2024-05-14 02:00:00,0,15
1611,1155,books,293.78,2024-05-14 04:00:00,0,20
1612,1028,home,347.02,2024-05-14 06:00:00,1,0
1613,1134,home,13.77,2024-05-14 08:00:00,1,20
1614,1138,electronics,26.67,2024-05-14 10:00:00,0,0
1615,1012,home,44.02,2024-05-14 12:00:00,0,20
1616,1034,books,9.28,2024-05-14 14:00:00,0,15
1617,1158,electronics,75.17,2024-05-14 16:00:00,0,10
1618,1101,books,19.11,2024-05-14 18:00:00,0,5
1619,1024,books,79.14,2024-05-14 20:00:00,0,0
1620,1198,electronics,60.79,2024-05-14 22:00:00,0,20
1621,1052,sports,52.1,2024-05-15 00:00:00,0,15
1622,1000,clothing,13.71,2024-05-15 02:00:00,0,20
1623,1184,clothing,35.76,2024-05-15 04:00:00,0,15
1624,1003,books,121.61,2024-05-15 06:00:00,0,20
1625,1110,sports,151.49,2024-05-15 08:00:00,0,20
1626,1198,home,9.9,2024-05-15 10:00:00,1,10
1627,1115,home,6.43,2024-05-15 12:00:00,0,15
1628,1116,clothing,41.5,2024-05-15 14:00:00,0,5
1629,1077,sports,8.83,2024-05-15 16:00:00,1,15
1630,1025,sports,148.47,2024-05-15 18:00:00,0,15
1631,1114,books,156.71,2024-05-15 20:00:00,0,10
1632,1179,books,106.23,2024-05-15 22:00:00,0,15
1633,1018,electronics,37.08,2024-05-16 00:00:00,0,5
1634,1176,home,8.94,2024-05-16 02:00:00,0,15
1635,1083,sports,3.19,2024-05-16 04:00:00,1,10
1636,1107,books,92.51,2024-05-16 06:00:00,0,5
1637,1033,books,84.57,2024-05-16 08:00:00,0,20
1638,1124,books,30.23,2024-05-16 10:00:00,0,0
1639,1036,electronics,85.07,2024-05-16 12:00:00,0,15
1640,1054,home,68.51,2024-05-16 14:00:00,0,5
1641,1144,home,7.08,2024-05-16 16:00:00,0,5
1642,1010,sports,23.02,2024-05-16 18:00:00,0,0
1643,1089,sports,95.63,2024-05-16 20:00:00,0,0
1644,1118,books,53.79,2024-05-16 22:00:00,0,0
1645,1026,sports,143.44,2024-05-17 00:00:00,0,20
1646,1058,books,39.08,2024-05-17 02:00:00,0,20
1647,1068,home,199.3,2024-05-17 04:00:00,0,10
1648,1132,home,132.89,2024-05-17 06:00:00,1,0
1649,1195,sports,152.66,2024-05-17 08:00:00,1,20
1650,1167,home,78.25,2024-05-17 10:00:00,0,15
1651,1037,electronics,8.02,2024-05-17 12:00:00,0,10
1652,1003,electronics,27.55,2024-05-17 14:00:00,0,20
1653,1010,books,258.45,2024-05-17 16:00:00,0,10
1654,1119,books,23.97,2024-05-17 18:00:00,0,5
1655,1031,home,71.32,2024-05-17 20:00:00,0,15
1656,1046,books,178.56,2024-05-17 22:00:00,0,10
1657,1169,books,163.01,2024-05-18 00:00:00,0,15
1658,1174,sports,125.93,2024-05-18 02:00:00,0,15
1659,1167,clothing,134.51,2024-05-18 04:00:00,0,20
1660,1050,books,107.62,2024-05-18 06:00:00,0,5
1661,1123,books,119.13,2024-05-18 08:00:00,0,0
1662,1122,books,47.32,2024-05-18 10:00:00,0,10
1663,1037,sports,116.45,2024-05-18 12:00:00,0,15
1664,1110,sports,47.72,2024-05-18 14:00:00,0,20
1665,1105,books,172.76,2024-05-18 16:00:00,0,5
1666,1079,books,49.1,2024-05-18 18:00:00,0,15
1667,1150,books,119.53,2024-05-18 20:00:00,0,20
1668,1135,electronics,56.97,2024-05-18 22:00:00,0,20
1669,1106,books,9.36,2024-05-19 00:00:00,0,20
1670,1145,clothing,246.79,2024-05-19 02:00:00,0,20
1671,1152,electronics,36.97,2024-05-19 04:00:00,0,15
1672,1113,electronics,25.7,2024-05-19 06:00:00,1,5
1673,1053,books,6.67,2024-05-19 08:00:00,0,10
1674,1151,electronics,48.11,2024-05-19 10:00:00,0,15
1675,1143,home,44.15,2024-05-19 12:00:00,0,5
1676,1196,books,184.25,2024-05-19 14:00:00,0,15
1677,1029,clothing,108.14,2024-05-19 16:00:00,1,10
1678,1083,home,14.9,2024-05-19 18:00:00,0,15
1679,1184,books,40.76,2024-05-19 20:00:00,0,10
1680,1102,home,71.43,2024-05-19 22:00:00,0,15
1681,1188,home,208.32,2024-05-20 00:00:00,0,0
1682,1002,electronics,4.09,2024-05-20 02:00:00,0,15
1683,1007,clothing,34.33,2024-05-20 04:00:00,0,20
1684,1159,books,18.25,2024-05-20 06:00:00,0,20
1685,1071,sports,62.86,2024-05-20 08:00:00,0,20
1686,1104,electronics,58.89,2024-05-20 10:00:00,1,5
1687,1085,electronics,104.21,2024-05-20 12:00:00,0,0
1688,1081,sports,54.91,2024-05-20 14:00:00,0,15
1689,1187,sports,71.09,2024-05-20 16:00:00,0,0
1690,1018,electronics,63.3,2024-05-20 18:00:00,0,5
1691,1154,books,11.33,2024-05-20 20:00:00,0,15
1692,1177,home,21.57,2024-05-20 22:00:00,0,10
1693,1131,electronics,25.56,2024-05-21 00:00:00,0,15
1694,1079,clothing,433.45,2024-05-21 02:00:00,0,15
1695,1032,clothing,9.0,2024-05-21 04:00:00,0,0
1696,1136,home,13.46,2024-05-21 06:00:00,0,15
1697,1093,clothing,1.44,2024-05-21 08:00:00,0,10
1698,1029,books,55.29,2024-05-21 10:00:00,0,10
1699,1071,clothing,112.96,2024-05-21 12:00:00,0,10
1700,1192,home,103.13,2024-05-21 14:00:00,0,10
1701,1053,electronics,62.81,2024-05-21 16:00:00,0,10
1702,1035,clothing,64.8,2024-05-21 18:00:00,1,5
1703,1136,clothing,48.29,2024-05-21 20:00:00,0,5
1704,1039,sports,58.92,2024-05-21 22:00:00,0,0
1705,1183,sports,91.64,2024-05-22 00:00:00,0,5
1706,1171,books,370.73,2024-05-22 02:00:00,0,5
1707,1196,electronics,185.14,2024-05-22 04:00:00,0,10
1708,1182,home,138.76,2024-05-22 06:00:00,0,20
1709,1048,books,188.92,2024-05-22 08:00:00,0,0
1710,1042,sports,11.1,2024-05-22 10:00:00,0,5
1711,1068,clothing,139.87,2024-05-22 12:00:00,0,0
1712,1093,sports,203.64,2024-05-22 14:00:00,0,20
1713,1175,sports,5.73,2024-05-22 16:00:00,0,15
1714,1146,clothing,30.56,2024-05-22 18:00:00,0,5
1715,1128,home,112.89,2024-05-22 20:00:00,0,10
1716,1175,clothing,24.25,2024-05-22 22:00:00,0,15
1717,1129,clothing,26.97,2024-05-23 00:00:00,0,20
1718,1075,clothing,120.31,2024-05-23 02:00:00,0,10
1719,1082,home,117.09,2024-05-23 04:00:00,0,5
1720,1103,clothing,9.06,2024-05-23 06:00:00,0,15
1721,1017,home,38.68,2024-05-23 08:00:00,0,15
1722,1148,books,40.31,2024-05-23 10:00:00,0,15
1723,1130,home,11.79,2024-05-23 12:00:00,0,0
1724,1146,sports,25.79,2024-05-23 14:00:00,0,15
1725,1106,electronics,2.62,2024-05-23 16:00:00,0,0
1726,1156,sports,26.51,2024-05-23 18:00:00,0,20
1727,1189,electronics,47.06,2024-05-23 20:00:00,0,20
1728,1113,books,32.34,2024-05-23 22:00:00,0,10
1729,1088,clothing,121.53,2024-05-24 00:00:00,0,15
1730,1020,home,124.06,2024-05-24 02:00:00,0,0
1731,1155,home,66.19,2024-05-24 04:00:00,0,20
1732,1180,sports,29.08,2024-05-24 06:00:00,0,5
1733,1139,books,3.41,2024-05-24 08:00:00,0,5
1734,1173,sports,11.56,2024-05-24 10:00:00,0,15
1735,1172,clothing,118.34,2024-05-24 12:00:00,1,20
1736,1159,clothing,6.32,2024-05-24 14:00:00,0,10
1737,1100,clothing,3.35,2024-05-24 16:00:00,0,10
1738,1019,books,39.85,2024-05-24 18:00:00,1,10
1739,1000,home,148.01,2024-05-24 20:00:00,0,5
1740,1040,sports,90.61,2024-05-24 22:00:00,0,10
1741,1086,clothing,138.66,2024-05-25 00:00:00,0,20
1742,1148,clothing,34.92,2024-05-25 02:00:00,0,5
1743,1091,sports,51.9,2024-05-25 04:00:00,0,15
1744,1004,books,42.63,2024-05-25 06:00:00,0,15
1745,1042,clothing,93.92,2024-05-25 08:00:00,0,20
1746,1195,sports,42.86,2024-05-25 10:00:00,0,15
1747,1197,books,103.32,2024-05-25 12:00:00,0,20
1748,1075,sports,38.73,2024-05-25 14:00:00,0,15
1749,1160,sports,32.88,2024-05-25 16:00:00,0,20
1750,1143,sports,59.72,2024-05-25 18:00:00,0,15
1751,1186,books,19.55,2024-05-25 20:00:00,0,20
1752,1177,home,585.1,2024-05-25 22:00:00,0,20
1753,1125,sports,56.43,2024-05-26 00:00:00,0,20
1754,1078,clothing,64.51,2024-05-26 02:00:00,0,10
1755,1125,electronics,62.62,2024-05-26 04:00:00,0,15
1756,1063,clothing,2.12,2024-05-26 06:00:00,0,20
1757,1069,home,69.22,2024-05-26 08:00:00,0,5
1758,1121,books,107.6,2024-05-26 10:00:00,0,0
1759,1114,electronics,57.32,2024-05-26 12:00:00,0,20
1760,1116,books,68.86,2024-05-26 14:00:00,0,15
1761,1076,electronics,58.17,2024-05-26 16:00:00,0,10
1762,1081,books,121.41,2024-05-26 18:00:00,0,15
1763,1002,books,37.39,2024-05-26 20:00:00,0,0
1764,1120,home,28.38,2024-05-26 22:00:00,0,10
1765,1115,books,46.23,2024-05-27 00:00:00,0,5
1766,1187,books,60.05,2024-05-27 02:00:00,0,5
1767,1100,home,48.34,2024-05-27 04:00:00,0,20
1768,1093,home,50.76,2024-05-27 06:00:00,0,10
1769,1013,sports,69.24,2024-05-27 08:00:00,0,0
1770,1039,clothing,2.05,2024-05-27 10:00:00,0,5
1771,1067,books,301.17,2024-05-27 12:00:00,0,5
1772,1075,clothing,48.51,2024-05-27 14:00:00,0,20
1773,1072,books,62.39,2024-05-27 16:00:00,0,5
1774,1078,electronics,123.11,2024-05-27 18:00:00,0,5
1775,1153,books,46.24,2024-05-27 20:00:00,0,5
1776,1026,electronics,81.26,2024-05-27 22:00:00,0,0
1777,1066,books,276.87,2024-05-28 00:00:00,0,15
1778,1032,sports,67.42,2024-05-28 02:00:00,0,10
1779,1061,sports,138.18,2024-05-28 04:00:00,1,10
1780,1136,books,94.98,2024-05-28 06:00:00,0,5
1781,1009,electronics,47.37,2024-05-28 08:00:00,1,15
1782,1067,clothing,54.68,2024-05-28 10:00:00,0,0
1783,1004,electronics,15.95,2024-05-28 12:00:00,0,20
1784,1190,home,66.01,2024-05-28 14:00:00,0,10
1785,1145,sports,49.75,2024-05-28 16:00:00,0,5
1786,1048,books,40.87,2024-05-28 18:00:00,0,10
1787,1039,electronics,16.46,2024-05-28 20:00:00,0,20
1788,1019,electronics,51.38,2024-05-28 22:00:00,1,0
1789,1094,sports,181.69,2024-05-29 00:00:00,0,10
1790,1150,clothing,15.99,2024-05-29 02:00:00,0,10
1791,1116,electronics,59.1,2024-05-29 04:00:00,0,20
1792,1176,electronics,24.05,2024-05-29 06:00:00,0,10
1793,1068,clothing,30.86,2024-05-29 08:00:00,0,15
1794,1055,home,2.65,2024-05-29 10:00:00,0,15
1795,1095,sports,160.67,2024-05-29 12:00:00,0,20
1796,1040,clothing,9.8,2024-05-29 14:00:00,0,5
1797,1195,home,59.02,2024-05-29 16:00:00,0,15
1798,1037,electronics,61.16,2024-05-29 18:00:00,0,5
1799,1095,electronics,78.2,2024-05-29 20:00:00,0,20
1800,1104,electronics,14.4,2024-05-29 22:00:00,0,20
1801,1011,sports,124.32,2024-05-30 00:00:00,0,5
1802,1093,books,35.89,2024-05-30 02:00:00,0,10
1803,1090,sports,45.9,2024-05-30 04:00:00,0,20
1804,1051,electronics,12.48,2024-05-30 06:00:00,0,0
1805,1025,electronics,16.65,2024-05-30 08:00:00,0,15
1806,1009,sports,4.51,2024-05-30 10:00:00,0,20
1807,1001,electronics,0.2,2024-05-30 12:00:00,0,20
1808,1096,electronics,158.66,2024-05-30 14:00:00,0,0
1809,1017,books,2.65,2024-05-30 16:00:00,0,15
1810,1191,home,47.92,2024-05-30 18:00:00,0,15
1811,1048,clothing,190.51,2024-05-30 20:00:00,0,0
1812,1130,books,51.17,2024-05-30 22:00:00,1,15
1813,1134,home,12.13,2024-05-31 00:00:00,0,15
1814,1099,books,197.43,2024-05-31 02:00:00,0,20
1815,1176,clothing,101.0,2024-05-31 04:00:00,0,0
1816,1022,electronics,1.52,2024-05-31 06:00:00,0,20
1817,1046,books,121.28,2024-05-31 08:00:00,0,10
1818,1050,sports,97.23,2024-05-31 10:00:00,0,5
1819,1027,home,145.93,2024-05-31 12:00:00,0,5
1820,1058,sports,84.43,2024-05-31 14:00:00,0,15
1821,1062,electronics,18.33,2024-05-31 16:00:00,1,20
1822,1152,electronics,86.01,2024-05-31 18:00:00,0,5
1823,1060,books,100.31,2024-05-31 20:00:00,0,20
1824,1175,electronics,130.01,2024-05-31 22:00:00,0,15
1825,1154,books,40.45,2024-06-01 00:00:00,0,0
1826,1180,sports,46.06,2024-06-01 02:00:00,1,10
1827,1021,clothing,60.49,2024-06-01 04:00:00,0,20
1828,1196,books,54.67,2024-06-01 06:00:00,1,0
1829,1122,home,46.29,2024-06-01 08:00:00,0,0
1830,1196,electronics,26.28,2024-06-01 10:00:00,0,0
1831,1070,sports,13.48,2024-06-01 12:00:00,0,10
1832,1190,clothing,85.42,2024-06-01 14:00:00,0,0
1833,1117,sports,122.62,2024-06-01 16:00:00,0,20
1834,1014,home,57.81,2024-06-01 18:00:00,0,0
1835,1082,electronics,53.48,2024-06-01 20:00:00,0,0
1836,1027,home,218.41,2024-06-01 22:00:00,0,5
1837,1188,electronics,94.56,2024-06-02 00:00:00,0,15
1838,1060,books,50.1,2024-06-02 02:00:00,0,20
1839,1044,sports,42.04,2024-06-02 04:00:00,0,5
1840,1110,sports,37.47,2024-06-02 06:00:00,0,10
1841,1085,sports,67.81,2024-06-02 08:00:00,0,15
1842,1019,books,67.79,2024-06-02 10:00:00,0,15
1843,1163,books,126.39,2024-06-02 12:00:00,0,0
1844,1169,clothing,19.13,2024-06-02 14:00:00,0,20
1845,1148,sports,129.35,2024-06-02 16:00:00,0,20
1846,1123,books,91.1,2024-06-02 18:00:00,0,15
1847,1080,home,33.61,2024-06-02 20:00:00,0,10
1848,1108,clothing,23.29,2024-06-02 22:00:00,1,5
1849,1104,home,90.26,2024-06-03 00:00:00,0,20
1850,1033,clothing,57.96,2024-06-03 02:00:00,0,20
1851,1016,home,13.35,2024-06-03 04:00:00,0,10
1852,1050,electronics,46.93,2024-06-03 06:00:00,0,15
1853,1090,electronics,97.72,2024-06-03 08:00:00,0,5
1854,1032,clothing,95.66,2024-06-03 10:00:00,0,15
1855,1021,books,66.82,2024-06-03 12:00:00,0,0
1856,1170,home,93.93,2024-06-03 14:00:00,1,20
1857,1074,clothing,74.43,2024-06-03 16:00:00,0,10
1858,1116,electronics,66.51,2024-06-03 18:00:00,0,10
1859,1104,clothing,25.24,2024-06-03 20:00:00,0,0
1860,1147,books,100.84,2024-06-03 22:00:00,0,10
1861,1147,books,56.03,2024-06-04 00:00:00,0,0
1862,1059,home,117.5,2024-06-04 02:00:00,0,20
1863,1169,clothing,90.72,2024-06-04 04:00:00,0,15
1864,1074,home,2.92,2024-06-04 06:00:00,0,10
1865,1167,home,47.16,2024-06-04 08:00:00,0,20
1866,1080,home,36.02,2024-06-04 10:00:00,0,20
1867,1022,books,25.75,2024-06-04 12:00:00,0,0
1868,1152,sports,67.85,2024-06-04 14:00:00,0,0
1869,1006,clothing,22.75,2024-06-04 16:00:00,0,5
1870,1154,home,13.32,2024-06-04 18:00:00,0,0
1871,1008,electronics,13.58,2024-06-04 20:00:00,1,10
1872,1041,electronics,15.7,2024-06-04 22:00:00,0,10
1873,1120,sports,65.16,2024-06-05 00:00:00,1,10
1874,1188,books,218.03,2024-06-05 02:00:00,0,0
1875,1081,home,30.93,2024-06-05 04:00:00,0,20
1876,1024,home,135.52,2024-06-05 06:00:00,0,20
1877,1046,home,15.58,2024-06-05 08:00:00,0,10
1878,1179,clothing,32.66,2024-06-05 10:00:00,0,0
1879,1145,electronics,134.6,2024-06-05 12:00:00,0,5
1880,1020,electronics,93.9,2024-06-05 14:00:00,1,15
1881,1076,sports,96.1,2024-06-05 16:00:00,0,15
1882,1052,clothing,116.95,2024-06-05 18:00:00,0,5
1883,1035,books,222.55,2024-06-05 20:00:00,0,20
1884,1169,books,85.83,2024-06-05 22:00:00,1,20
1885,1123,electronics,11.56,2024-06-06 00:00:00,0,10
1886,1035,books,122.69,2024-06-06 02:00:00,0,5
1887,1130,electronics,110.51,2024-06-06 04:00:00,1,10
1888,1082,electronics,128.44,2024-06-06 06:00:00,0,0
1889,1012,electronics,27.87,2024-06-06 08:00:00,0,10
1890,1089,sports,61.75,2024-06-06 10:00:00,0,0
1891,1037,books,5.9,2024-06-06 12:00:00,0,0
1892,1049,sports,27.91,2024-06-06 14:00:00,0,10
1893,1175,books,46.23,2024-06-06 16:00:00,0,10
1894,1142,clothing,35.78,2024-06-06 18:00:00,0,20
1895,1026,home,125.8,2024-06-06 20:00:00,0,10
1896,1170,sports,34.94,2024-06-06 22:00:00,0,20
1897,1114,books,346.47,2024-06-07 00:00:00,0,20
1898,1174,electronics,29.84,2024-06-07 02:00:00,1,5
1899,1149,clothing,56.03,2024-06-07 04:00:00,0,20
1900,1067,sports,5.84,2024-06-07 06:00:00,0,10
1901,1106,books,65.94,2024-06-07 08:00:00,0,10
1902,1106,sports,37.39,2024-06-07 10:00:00,0,0
1903,1143,books,289.79,2024-06-07 12:00:00,0,5
1904,1049,electronics,54.47,2024-06-07 14:00:00,0,10
1905,1066,sports,5.87,2024-06-07 16:00:00,0,5
1906,1048,home,7.82,2024-06-07 18:00:00,0,10
1907,1059,home,6.63,2024-06-07 20:00:00,0,0
1908,1032,sports,30.23,2024-06-07 22:00:00,0,5
1909,1007,electronics,26.72,2024-06-08 00:00:00,0,15
1910,1188,sports,263.56,2024-06-08 02:00:00,0,15
1911,1014,clothing,14.76,2024-06-08 04:00:00,0,20
1912,1177,sports,81.98,2024-06-08 06:00:00,0,20
1913,1000,electronics,38.67,2024-06-08 08:00:00,1,20
1914,1155,books,85.44,2024-06-08 10:00:00,0,0
1915,1065,home,27.0,2024-06-08 12:00:00,0,15
1916,1103,electronics,4.78,2024-06-08 14:00:00,0,5
1917,1056,electronics,17.48,2024-06-08 16:00:00,0,5
1918,1098,sports,32.67,2024-06-08 18:00:00,0,5
1919,1090,electronics,169.17,2024-06-08 20:00:00,0,10
1920,1105,home,94.01,2024-06-08 22:00:00,0,0
1921,1078,sports,18.23,2024-06-09 00:00:00,0,10
1922,1107,home,45.89,2024-06-09 02:00:00,0,0
1923,1165,books,28.54,2024-06-09 04:00:00,0,10
1924,1086,books,1.78,2024-06-09 06:00:00,0,15
1925,1072,home,12.07,2024-06-09 08:00:00,0,0
1926,1026,books,97.49,2024-06-09 10:00:00,0,0
1927,1071,books,69.69,2024-06-09 12:00:00,0,20
1928,1025,electronics,37.29,2024-06-09 14:00:00,0,15
1929,1036,home,83.3,2024-06-09 16:00:00,0,5
1930,1190,home,135.28,2024-06-09 18:00:00,0,20
1931,1017,home,129.98,2024-06-09 20:00:00,1,5
1932,1096,electronics,10.78,2024-06-09 22:00:00,0,20
1933,1166,home,192.97,2024-06-10 00:00:00,0,0
1934,1190,home,13.68,2024-06-10 02:00:00,0,15
1935,1029,electronics,102.42,2024-06-10 04:00:00,0,0
1936,1032,sports,8.39,2024-06-10 06:00:00,0,0
1937,1074,books,17.76,2024-06-10 08:00:00,0,10
1938,1110,books,104.95,2024-06-10 10:00:00,0,0
1939,1191,home,25.26,2024-06-10 12:00:00,1,10
1940,1041,books,24.26,2024-06-10 14:00:00,0,5
1941,1032,books,204.91,2024-06-10 16:00:00,0,0
1942,1050,clothing,13.16,2024-06-10 18:00:00,1,20
1943,1174,sports,71.62,2024-06-10 20:00:00,0,20
1944,1006,sports,138.78,2024-06-10 22:00:00,0,20
1945,1076,electronics,70.03,2024-06-11 00:00:00,0,0
1946,1023,home,39.83,2024-06-11 02:00:00,0,5
1947,1031,electronics,1.78,2024-06-11 04:00:00,0,5
1948,1183,clothing,88.64,2024-06-11 06:00:00,0,5
1949,1000,sports,87.59,2024-06-11 08:00:00,0,10
1950,1064,electronics,66.02,2024-06-11 10:00:00,0,10
1951,1183,clothing,63.61,2024-06-11 12:00:00,0,10
1952,1121,clothing,92.73,2024-06-11 14:00:00,0,5
1953,1014,home,12.1,2024-06-11 16:00:00,0,20
1954,1093,books,35.62,2024-06-11 18:00:00,0,20
1955,1194,books,168.16,2024-06-11 20:00:00,0,5
1956,1080,sports,5.56,2024-06-11 22:00:00,0,5
1957,1105,books,235.71,2024-06-12 00:00:00,0,10
1958,1106,home,112.59,2024-06-12 02:00:00,0,5
1959,1132,electronics,33.07,2024-06-12 04:00:00,0,20
1960,1037,clothing,51.4,2024-06-12 06:00:00,1,10
1961,1167,sports,95.0,2024-06-12 08:00:00,0,0
1962,1197,sports,6.37,2024-06-12 10:00:00,0,0
1963,1028,home,57.78,2024-06-12 12:00:00,0,0
1964,1163,clothing,75.13,2024-06-12 14:00:00,0,5
1965,1163,electronics,128.28,2024-06-12 16:00:00,0,5
1966,1148,sports,140.76,2024-06-12 18:00:00,0,20
1967,1074,home,224.83,2024-06-12 20:00:00,0,20
1968,1093,clothing,58.67,2024-06-12 22:00:00,1,0
1969,1167,books,151.06,2024-06-13 00:00:00,0,20
1970,1030,home,23.02,2024-06-13 02:00:00,0,10
1971,1165,books,61.52,2024-06-13 04:00:00,0,5
1972,1184,sports,80.01,2024-06-13 06:00:00,0,10
1973,1136,electronics,45.19,2024-06-13 08:00:00,0,10
1974,1068,clothing,69.71,2024-06-13 10:00:00,0,0
1975,1111,electronics,184.43,2024-06-13 12:00:00,0,20
1976,1010,home,83.54,2024-06-13 14:00:00,0,0
1977,1186,home,53.3,2024-06-13 16:00:00,0,0
1978,1068,sports,173.92,2024-06-13 18:00:00,0,5
1979,1011,books,188.95,2024-06-13 20:00:00,0,0
1980,1158,electronics,65.69,2024-06-13 22:00:00,0,0
1981,1131,books,51.77,2024-06-14 00:00:00,1,5
1982,1124,electronics,132.01,2024-06-14 02:00:00,1,5
1983,1010,home,213.09,2024-06-14 04:00:00,0,0
1984,1150,home,43.75,2024-06-14 06:00:00,0,20
1985,1127,sports,47.21,2024-06-14 08:00:00,0,20
1986,1158,clothing,139.25,2024-06-14 10:00:00,0,15
1987,1165,clothing,54.62,2024-06-14 12:00:00,0,10
1988,1042,electronics,56.69,2024-06-14 14:00:00,0,20
1989,1042,books,84.48,2024-06-14 16:00:00,0,5
1990,1184,books,11.31,2024-06-14 18:00:00,0,10
1991,1106,home,68.72,2024-06-14 20:00:00,0,0
1992,1087,home,7.59,2024-06-14 22:00:00,0,15
1993,1057,electronics,6.62,2024-06-15 00:00:00,0,0
1994,1127,clothing,116.6,2024-06-15 02:00:00,0,15
1995,1150,books,65.26,2024-06-15 04:00:00,0,15
1996,1000,clothing,1.52,2024-06-15 06:00:00,0,5
1997,1110,electronics,63.54,2024-06-15 08:00:00,0,15
1998,1198,sports,75.27,2024-06-15 10:00:00,1,5
1999,1056,home,16.67,2024-06-15 12:00:00,1,5
2000,1056,books,16.59,2024-06-15 14:00:00,0,10
